Country,Variable,Predicted Year,Year - 10,Year - 5,Predicted Value
Armenia,Water resources: total external renewable,2002,0.91,0.91,0.91
Armenia,Water resources: total external renewable,2007,0.91,0.91,0.91
Armenia,Water resources: total external renewable,2012,0.91,0.91,0.91
Armenia,Surface water: total flow of border rivers,2002,1.82,1.82,1.82
Armenia,Surface water: total flow of border rivers,2007,1.82,1.82,1.82
Armenia,Surface water: total flow of border rivers,2012,1.82,1.82,1.82
Armenia,Surface water: outflow to other countries secured through treaties,2002,0.0,0.0,0.0
Armenia,Surface water: outflow to other countries secured through treaties,2007,0.0,0.0,0.0
Armenia,Surface water: outflow to other countries secured through treaties,2012,0.0,0.0,0.0
Armenia,Surface water: inflow submitted to treaties,2002,0.0,0.0,0.0
Armenia,Surface water: inflow submitted to treaties,2007,0.0,0.0,0.0
Armenia,Surface water: inflow submitted to treaties,2012,0.0,0.0,0.0
Armenia,Surface water: inflow secured through treaties,2002,0.0,0.0,0.0
Armenia,Surface water: inflow secured through treaties,2007,0.0,0.0,0.0
Armenia,Surface water: inflow secured through treaties,2012,0.0,0.0,0.0
Armenia,Surface water: inflow not submitted to treaties,2002,0.0,0.0,0.0
Armenia,Surface water: inflow not submitted to treaties,2007,0.0,0.0,0.0
Armenia,Surface water: inflow not submitted to treaties,2012,0.0,0.0,0.0
Armenia,Surface water: entering the country (total),2002,0.0,0.0,0.0
Armenia,Surface water: entering the country (total),2007,0.0,0.0,0.0
Armenia,Surface water: entering the country (total),2012,0.0,0.0,0.0
Armenia,Surface water: accounted inflow,2002,0.91,0.91,0.91
Armenia,Surface water: accounted inflow,2007,0.91,0.91,0.91
Armenia,Surface water: accounted inflow,2012,0.91,0.91,0.91
Armenia,Surface water: accounted flow of border rivers,2002,0.91,0.91,0.91
Armenia,Surface water: accounted flow of border rivers,2007,0.91,0.91,0.91
Armenia,Surface water: accounted flow of border rivers,2012,0.91,0.91,0.91
Armenia,Surface water produced internally,2002,3.948,3.948,3.948
Armenia,Surface water produced internally,2007,3.948,3.948,3.948
Armenia,Surface water produced internally,2012,3.948,3.948,3.948
Armenia,Rural population,2002,1136.0,1078.0,1075.0
Armenia,Rural population,2007,1078.0,1075.0,1016.0
Armenia,Rural population,2012,1075.0,1016.0,1007.0
Armenia,Population density,2002,115.8,105.3,102.0
Armenia,Population density,2007,105.3,102.0,98.62
Armenia,Population density,2012,102.0,98.62,96.91
Armenia,Overlap: between surface water and groundwater,2002,1.4,1.4,1.4
Armenia,Overlap: between surface water and groundwater,2007,1.4,1.4,1.4
Armenia,Overlap: between surface water and groundwater,2012,1.4,1.4,1.4
Armenia,Overlap between surface water and groundwater,2002,1.4,1.4,1.4
Armenia,Overlap between surface water and groundwater,2007,1.4,1.4,1.4
Armenia,Overlap between surface water and groundwater,2012,1.4,1.4,1.4
Armenia,Long-term average annual precipitation in volume,2002,16.71,16.71,16.71
Armenia,Long-term average annual precipitation in volume,2007,16.71,16.71,16.71
Armenia,Long-term average annual precipitation in volume,2012,16.71,16.71,16.71
Armenia,Long-term average annual precipitation in depth,2002,562.0,562.0,562.0
Armenia,Long-term average annual precipitation in depth,2007,562.0,562.0,562.0
Armenia,Long-term average annual precipitation in depth,2012,562.0,562.0,562.0
Armenia,Groundwater: entering the country (total),2002,0.0,0.0,0.0
Armenia,Groundwater: entering the country (total),2007,0.0,0.0,0.0
Armenia,Groundwater: entering the country (total),2012,0.0,0.0,0.0
Armenia,Groundwater: accounted inflow,2002,0.0,0.0,0.0
Armenia,Groundwater: accounted inflow,2007,0.0,0.0,0.0
Armenia,Groundwater: accounted inflow,2012,0.0,0.0,0.0
Armenia,Groundwater produced internally,2002,4.311,4.311,4.311
Armenia,Groundwater produced internally,2007,4.311,4.311,4.311
Armenia,Groundwater produced internally,2012,4.311,4.311,4.311
Armenia,Environmental Flow Requirements,2002,2.812,2.812,2.812
Armenia,Environmental Flow Requirements,2007,2.812,2.812,2.812
Armenia,Environmental Flow Requirements,2012,2.812,2.812,2.812
Armenia,Dependency ratio,2002,11.71,11.71,11.71
Armenia,Dependency ratio,2007,11.71,11.71,11.71
Armenia,Dependency ratio,2012,11.71,11.71,11.71
Armenia,Surface water: total external renewable,2002,0.91,0.91,0.91
Armenia,Surface water: total external renewable,2007,0.91,0.91,0.91
Armenia,Surface water: total external renewable,2012,0.91,0.91,0.91
Armenia,Area,2002,Armenia,Armenia,Armenia
Armenia,Area,2007,Armenia,Armenia,Armenia
Armenia,Area,2012,Armenia,Armenia,Armenia
Armenia,Total renewable water resources,2002,7.769,7.769,7.769
Armenia,Total renewable water resources,2007,7.769,7.769,7.769
Armenia,Total renewable water resources,2012,7.769,7.769,7.769
Armenia,Total internal renewable water resources (IRWR),2002,6.859,6.859,6.859
Armenia,Total internal renewable water resources (IRWR),2007,6.859,6.859,6.859
Armenia,Total internal renewable water resources (IRWR),2012,6.859,6.859,6.859
Armenia,Total renewable water resources per capita,2002,2256.0,2480.0,2561.0
Armenia,Total renewable water resources per capita,2007,2480.0,2561.0,2649.0
Armenia,Total renewable water resources per capita,2012,2561.0,2649.0,2696.0
Armenia,Urban population,2002,2307.0,2055.0,1959.0
Armenia,Urban population,2007,2055.0,1959.0,1917.0
Armenia,Urban population,2012,1959.0,1917.0,1875.0
Armenia,Total population,2002,3443.0,3133.0,3034.0
Armenia,Total population,2007,3133.0,3034.0,2933.0
Armenia,Total population,2012,3034.0,2933.0,2882.0
Armenia,Total renewable surface water,2002,4.8580000000000005,4.8580000000000005,4.8580000000000005
Armenia,Total renewable surface water,2007,4.8580000000000005,4.8580000000000005,4.8580000000000005
Armenia,Total renewable surface water,2012,4.8580000000000005,4.8580000000000005,4.8580000000000005
Armenia,Total internal renewable water resources per capita,2002,1992.0,2189.0,2261.0
Armenia,Total internal renewable water resources per capita,2007,2189.0,2261.0,2339.0
Armenia,Total internal renewable water resources per capita,2012,2261.0,2339.0,2380.0
Armenia,Total renewable groundwater,2002,4.311,4.311,4.311
Armenia,Total renewable groundwater,2007,4.311,4.311,4.311
Armenia,Total renewable groundwater,2012,4.311,4.311,4.311
Armenia,Gross Domestic Product (GDP),2002,1270000000.0,1640000000.0,2380000000.0
Armenia,Gross Domestic Product (GDP),2007,1640000000.0,2380000000.0,9210000000.0
Armenia,Gross Domestic Product (GDP),2012,2380000000.0,9210000000.0,10600000000.0
Armenia,% of total country area cultivated,2002,16.24,16.75,16.51
Armenia,% of total country area cultivated,2007,16.75,16.51,17.02
Armenia,% of total country area cultivated,2012,16.51,17.02,16.98
Armenia,GDP per capita,2002,369.6,523.3,783.2
Armenia,GDP per capita,2007,523.3,783.2,3139.0
Armenia,GDP per capita,2012,783.2,3139.0,3685.0
Armenia,Cultivated area (arable land + permanent crops),2002,483.0,498.0,491.0
Armenia,Cultivated area (arable land + permanent crops),2007,498.0,491.0,506.1
Armenia,Cultivated area (arable land + permanent crops),2012,491.0,506.1,505.1
Armenia,Total area of the country (excl. coastal waters),2002,2974.0,2974.0,2974.0
Armenia,Total area of the country (excl. coastal waters),2007,2974.0,2974.0,2974.0
Armenia,Total area of the country (excl. coastal waters),2012,2974.0,2974.0,2974.0
Armenia,Arable land area,2002,423.0,455.0,455.0
Armenia,Arable land area,2007,455.0,455.0,452.1
Armenia,Arable land area,2012,455.0,452.1,448.4
Armenia,Permanent crops area,2002,60.0,43.0,36.0
Armenia,Permanent crops area,2007,43.0,36.0,54.0
Armenia,Permanent crops area,2012,36.0,54.0,56.7
Armenia,"Agriculture, value added (% GDP)",2002,31.04,31.97,25.96
Armenia,"Agriculture, value added (% GDP)",2007,31.97,25.96,20.28
Armenia,"Agriculture, value added (% GDP)",2012,25.96,20.28,20.07
Armenia,Surface water: outflow to other countries submitted to treaties,2002,0.0,0.0,0.0
Armenia,Surface water: outflow to other countries submitted to treaties,2007,0.0,0.0,0.0
Armenia,Surface water: outflow to other countries submitted to treaties,2012,0.0,0.0,0.0
Armenia,Surface water: leaving the country to other countries (total),2002,5.28,5.28,5.28
Armenia,Surface water: leaving the country to other countries (total),2007,5.28,5.28,5.28
Armenia,Surface water: leaving the country to other countries (total),2012,5.28,5.28,5.28
Armenia,Surface water: outflow to other countries not submitted to treaties,2002,5.28,5.28,5.28
Armenia,Surface water: outflow to other countries not submitted to treaties,2007,5.28,5.28,5.28
Armenia,Surface water: outflow to other countries not submitted to treaties,2012,5.28,5.28,5.28
Armenia,Groundwater: accounted outflow to other countries,2002,0.09230769230769231,0.08461538461538462,0.07692307692307693
Armenia,Groundwater: accounted outflow to other countries,2007,0.08461538461538462,0.07692307692307693,0.06153846153846154
Armenia,Groundwater: accounted outflow to other countries,2012,0.07692307692307693,0.06153846153846154,0.05384615384615385
Armenia,Groundwater: leaving the country to other countries (total),2002,0.09230769230769231,0.08461538461538462,0.07692307692307693
Armenia,Groundwater: leaving the country to other countries (total),2007,0.08461538461538462,0.07692307692307693,0.06153846153846154
Armenia,Groundwater: leaving the country to other countries (total),2012,0.07692307692307693,0.06153846153846154,0.05384615384615385
Armenia,Total exploitable water resources,2002,7.333846153846154,6.7676923076923075,6.201538461538462
Armenia,Total exploitable water resources,2007,6.7676923076923075,6.201538461538462,5.069230769230769
Armenia,Total exploitable water resources,2012,6.201538461538462,5.069230769230769,4.503076923076923
Armenia,Exploitable: regular renewable groundwater,2002,1.7692307692307692,1.6384615384615384,1.5076923076923077
Armenia,Exploitable: regular renewable groundwater,2007,1.6384615384615384,1.5076923076923077,1.2461538461538462
Armenia,Exploitable: regular renewable groundwater,2012,1.5076923076923077,1.2461538461538462,1.1153846153846152
Armenia,Urban population with access to safe drinking-water (JMP),2002,98.1,98.2,98.7
Armenia,Urban population with access to safe drinking-water (JMP),2007,98.2,98.7,99.3
Armenia,Urban population with access to safe drinking-water (JMP),2012,98.7,99.3,99.8
Armenia,Rural population with access to safe drinking-water (JMP),2002,75.8,77.3,84.7
Armenia,Rural population with access to safe drinking-water (JMP),2007,77.3,84.7,92.0
Armenia,Rural population with access to safe drinking-water (JMP),2012,84.7,92.0,99.4
Armenia,Total population with access to safe drinking-water (JMP),2002,90.7,91.0,93.7
Armenia,Total population with access to safe drinking-water (JMP),2007,91.0,93.7,96.7
Armenia,Total population with access to safe drinking-water (JMP),2012,93.7,96.7,99.7
Armenia,Irrigation potential,2002,653.7,653.7,653.7
Armenia,Irrigation potential,2007,653.7,653.7,666.0
Armenia,Irrigation potential,2012,653.7,666.0,666.0
Azerbaijan,Water resources: total external renewable,2002,26.56,26.56,26.56
Azerbaijan,Water resources: total external renewable,2007,26.56,26.56,26.56
Azerbaijan,Water resources: total external renewable,2012,26.56,26.56,26.56
Azerbaijan,Surface water: total flow of border rivers,2002,2.36,2.36,2.36
Azerbaijan,Surface water: total flow of border rivers,2007,2.36,2.36,2.36
Azerbaijan,Surface water: total flow of border rivers,2012,2.36,2.36,2.36
Azerbaijan,Surface water: outflow to other countries secured through treaties,2002,0.0,0.0,0.0
Azerbaijan,Surface water: outflow to other countries secured through treaties,2007,0.0,0.0,0.0
Azerbaijan,Surface water: outflow to other countries secured through treaties,2012,0.0,0.0,0.0
Azerbaijan,Surface water: inflow submitted to treaties,2002,0.0,0.0,0.0
Azerbaijan,Surface water: inflow submitted to treaties,2007,0.0,0.0,0.0
Azerbaijan,Surface water: inflow submitted to treaties,2012,0.0,0.0,0.0
Azerbaijan,Surface water: inflow secured through treaties,2002,0.0,0.0,0.0
Azerbaijan,Surface water: inflow secured through treaties,2007,0.0,0.0,0.0
Azerbaijan,Surface water: inflow secured through treaties,2012,0.0,0.0,0.0
Azerbaijan,Surface water: inflow not submitted to treaties,2002,25.38,25.38,25.38
Azerbaijan,Surface water: inflow not submitted to treaties,2007,25.38,25.38,25.38
Azerbaijan,Surface water: inflow not submitted to treaties,2012,25.38,25.38,25.38
Azerbaijan,Surface water: entering the country (total),2002,19.76,19.76,19.76
Azerbaijan,Surface water: entering the country (total),2007,19.76,19.76,19.76
Azerbaijan,Surface water: entering the country (total),2012,19.76,19.76,19.76
Azerbaijan,Surface water: accounted inflow,2002,26.56,26.56,26.56
Azerbaijan,Surface water: accounted inflow,2007,26.56,26.56,26.56
Azerbaijan,Surface water: accounted inflow,2012,26.56,26.56,26.56
Azerbaijan,Surface water: accounted flow of border rivers,2002,1.18,1.18,1.18
Azerbaijan,Surface water: accounted flow of border rivers,2007,1.18,1.18,1.18
Azerbaijan,Surface water: accounted flow of border rivers,2012,1.18,1.18,1.18
Azerbaijan,Surface water produced internally,2002,5.955,5.955,5.955
Azerbaijan,Surface water produced internally,2007,5.955,5.955,5.955
Azerbaijan,Surface water produced internally,2012,5.955,5.955,5.955
Azerbaijan,Rural population,2002,3513.0,3839.0,3989.0
Azerbaijan,Rural population,2007,3839.0,3989.0,4094.0
Azerbaijan,Rural population,2012,3989.0,4094.0,4252.0
Azerbaijan,Population density,2002,86.28,91.52,95.58
Azerbaijan,Population density,2007,91.52,95.58,100.7
Azerbaijan,Population density,2012,95.58,100.7,107.0
Azerbaijan,Overlap: between surface water and groundwater,2002,4.35,4.35,4.35
Azerbaijan,Overlap: between surface water and groundwater,2007,4.35,4.35,4.35
Azerbaijan,Overlap: between surface water and groundwater,2012,4.35,4.35,4.35
Azerbaijan,Overlap between surface water and groundwater,2002,4.35,4.35,4.35
Azerbaijan,Overlap between surface water and groundwater,2007,4.35,4.35,4.35
Azerbaijan,Overlap between surface water and groundwater,2012,4.35,4.35,4.35
Azerbaijan,Long-term average annual precipitation in volume,2002,38.71,38.71,38.71
Azerbaijan,Long-term average annual precipitation in volume,2007,38.71,38.71,38.71
Azerbaijan,Long-term average annual precipitation in volume,2012,38.71,38.71,38.71
Azerbaijan,Long-term average annual precipitation in depth,2002,447.0,447.0,447.0
Azerbaijan,Long-term average annual precipitation in depth,2007,447.0,447.0,447.0
Azerbaijan,Long-term average annual precipitation in depth,2012,447.0,447.0,447.0
Azerbaijan,Groundwater: entering the country (total),2002,0.0,0.0,0.0
Azerbaijan,Groundwater: entering the country (total),2007,0.0,0.0,0.0
Azerbaijan,Groundwater: entering the country (total),2012,0.0,0.0,0.0
Azerbaijan,Groundwater: accounted inflow,2002,0.0,0.0,0.0
Azerbaijan,Groundwater: accounted inflow,2007,0.0,0.0,0.0
Azerbaijan,Groundwater: accounted inflow,2012,0.0,0.0,0.0
Azerbaijan,Groundwater produced internally,2002,6.51,6.51,6.51
Azerbaijan,Groundwater produced internally,2007,6.51,6.51,6.51
Azerbaijan,Groundwater produced internally,2012,6.51,6.51,6.51
Azerbaijan,Environmental Flow Requirements,2002,12.03,12.03,12.03
Azerbaijan,Environmental Flow Requirements,2007,12.03,12.03,12.03
Azerbaijan,Environmental Flow Requirements,2012,12.03,12.03,12.03
Azerbaijan,Dependency ratio,2002,76.6,76.6,76.6
Azerbaijan,Dependency ratio,2007,76.6,76.6,76.6
Azerbaijan,Dependency ratio,2012,76.6,76.6,76.6
Azerbaijan,Surface water: total external renewable,2002,26.56,26.56,26.56
Azerbaijan,Surface water: total external renewable,2007,26.56,26.56,26.56
Azerbaijan,Surface water: total external renewable,2012,26.56,26.56,26.56
Azerbaijan,Area,2002,Azerbaijan,Azerbaijan,Azerbaijan
Azerbaijan,Area,2007,Azerbaijan,Azerbaijan,Azerbaijan
Azerbaijan,Area,2012,Azerbaijan,Azerbaijan,Azerbaijan
Azerbaijan,Total renewable water resources,2002,34.68,34.68,34.68
Azerbaijan,Total renewable water resources,2007,34.68,34.68,34.68
Azerbaijan,Total renewable water resources,2012,34.68,34.68,34.68
Azerbaijan,Total internal renewable water resources (IRWR),2002,8.115,8.115,8.115
Azerbaijan,Total internal renewable water resources (IRWR),2007,8.115,8.115,8.115
Azerbaijan,Total internal renewable water resources (IRWR),2012,8.115,8.115,8.115
Azerbaijan,Total renewable water resources per capita,2002,4641.0,4375.0,4190.0
Azerbaijan,Total renewable water resources per capita,2007,4375.0,4190.0,3975.0
Azerbaijan,Total renewable water resources per capita,2012,4190.0,3975.0,3743.0
Azerbaijan,Urban population,2002,3959.0,4087.0,4288.0
Azerbaijan,Urban population,2007,4087.0,4288.0,4630.0
Azerbaijan,Urban population,2012,4288.0,4630.0,5013.0
Azerbaijan,Total population,2002,7472.0,7926.0,8277.0
Azerbaijan,Total population,2007,7926.0,8277.0,8724.0
Azerbaijan,Total population,2012,8277.0,8724.0,9265.0
Azerbaijan,Total renewable surface water,2002,32.52,32.52,32.52
Azerbaijan,Total renewable surface water,2007,32.52,32.52,32.52
Azerbaijan,Total renewable surface water,2012,32.52,32.52,32.52
Azerbaijan,Total internal renewable water resources per capita,2002,1086.0,1024.0,980.4
Azerbaijan,Total internal renewable water resources per capita,2007,1024.0,980.4,930.2
Azerbaijan,Total internal renewable water resources per capita,2012,980.4,930.2,875.9
Azerbaijan,Total renewable groundwater,2002,6.51,6.51,6.51
Azerbaijan,Total renewable groundwater,2007,6.51,6.51,6.51
Azerbaijan,Total renewable groundwater,2012,6.51,6.51,6.51
Azerbaijan,Gross Domestic Product (GDP),2002,4990000000.0,3960000000.0,6240000000.0
Azerbaijan,Gross Domestic Product (GDP),2007,3960000000.0,6240000000.0,33100000000.0
Azerbaijan,Gross Domestic Product (GDP),2012,6240000000.0,33100000000.0,68700000000.0
Azerbaijan,% of total country area cultivated,2002,23.26,23.81,23.82
Azerbaijan,% of total country area cultivated,2007,23.81,23.82,24.01
Azerbaijan,% of total country area cultivated,2012,23.82,24.01,24.57
Azerbaijan,GDP per capita,2002,668.0,500.0,753.4
Azerbaijan,GDP per capita,2007,500.0,753.4,3788.0
Azerbaijan,GDP per capita,2012,753.4,3788.0,7418.0
Azerbaijan,Cultivated area (arable land + permanent crops),2002,2014.0,2062.0,2063.0
Azerbaijan,Cultivated area (arable land + permanent crops),2007,2062.0,2063.0,2079.0
Azerbaijan,Cultivated area (arable land + permanent crops),2012,2063.0,2079.0,2128.0
Azerbaijan,Total area of the country (excl. coastal waters),2002,8660.0,8660.0,8660.0
Azerbaijan,Total area of the country (excl. coastal waters),2007,8660.0,8660.0,8660.0
Azerbaijan,Total area of the country (excl. coastal waters),2012,8660.0,8660.0,8660.0
Azerbaijan,Arable land area,2002,1704.0,1801.0,1837.0
Azerbaijan,Arable land area,2007,1801.0,1837.0,1854.0
Azerbaijan,Arable land area,2012,1837.0,1854.0,1897.0
Azerbaijan,Permanent crops area,2002,310.3,260.8,225.9
Azerbaijan,Permanent crops area,2007,260.8,225.9,224.7
Azerbaijan,Permanent crops area,2012,225.9,224.7,230.9
Azerbaijan,"Agriculture, value added (% GDP)",2002,28.51,21.73,15.17
Azerbaijan,"Agriculture, value added (% GDP)",2007,21.73,15.17,7.002000000000001
Azerbaijan,"Agriculture, value added (% GDP)",2012,15.17,7.002000000000001,5.492000000000001
Azerbaijan,Surface water: outflow to other countries submitted to treaties,2002,0.0,0.0,0.0
Azerbaijan,Surface water: outflow to other countries submitted to treaties,2007,0.0,0.0,0.0
Azerbaijan,Surface water: outflow to other countries submitted to treaties,2012,0.0,0.0,0.0
Azerbaijan,Surface water: leaving the country to other countries (total),2002,4.525714285714286,3.7714285714285714,3.0171428571428573
Azerbaijan,Surface water: leaving the country to other countries (total),2007,3.7714285714285714,3.0171428571428573,2.262857142857143
Azerbaijan,Surface water: leaving the country to other countries (total),2012,3.0171428571428573,2.262857142857143,1.5085714285714285
Azerbaijan,Surface water: outflow to other countries not submitted to treaties,2002,4.525714285714286,3.7714285714285714,3.0171428571428573
Azerbaijan,Surface water: outflow to other countries not submitted to treaties,2007,3.7714285714285714,3.0171428571428573,2.262857142857143
Azerbaijan,Surface water: outflow to other countries not submitted to treaties,2012,3.0171428571428573,2.262857142857143,1.5085714285714285
Azerbaijan,Groundwater: accounted outflow to other countries,2002,0.046153846153846156,0.038461538461538464,0.03076923076923077
Azerbaijan,Groundwater: accounted outflow to other countries,2007,0.038461538461538464,0.03076923076923077,0.023076923076923078
Azerbaijan,Groundwater: accounted outflow to other countries,2012,0.03076923076923077,0.023076923076923078,0.015384615384615385
Azerbaijan,Groundwater: leaving the country to other countries (total),2002,0.046153846153846156,0.038461538461538464,0.03076923076923077
Azerbaijan,Groundwater: leaving the country to other countries (total),2007,0.038461538461538464,0.03076923076923077,0.023076923076923078
Azerbaijan,Groundwater: leaving the country to other countries (total),2012,0.03076923076923077,0.023076923076923078,0.015384615384615385
Azerbaijan,Total exploitable water resources,2002,3.936923076923077,3.3707692307692305,2.804615384615384
Azerbaijan,Total exploitable water resources,2007,3.3707692307692305,2.804615384615384,2.2384615384615376
Azerbaijan,Total exploitable water resources,2012,2.804615384615384,2.2384615384615376,1.672307692307692
Azerbaijan,Exploitable: regular renewable groundwater,2002,0.9846153846153844,0.8538461538461537,0.723076923076923
Azerbaijan,Exploitable: regular renewable groundwater,2007,0.8538461538461537,0.723076923076923,0.5923076923076922
Azerbaijan,Exploitable: regular renewable groundwater,2012,0.723076923076923,0.5923076923076922,0.46153846153846145
Azerbaijan,Urban population with access to safe drinking-water (JMP),2002,85.4,87.1,89.2
Azerbaijan,Urban population with access to safe drinking-water (JMP),2007,87.1,89.2,91.3
Azerbaijan,Urban population with access to safe drinking-water (JMP),2012,89.2,91.3,93.4
Azerbaijan,Rural population with access to safe drinking-water (JMP),2002,50.3,55.3,61.5
Azerbaijan,Rural population with access to safe drinking-water (JMP),2007,55.3,61.5,67.8
Azerbaijan,Rural population with access to safe drinking-water (JMP),2012,61.5,67.8,74.0
Azerbaijan,Total population with access to safe drinking-water (JMP),2002,68.9,71.7,75.8
Azerbaijan,Total population with access to safe drinking-water (JMP),2007,71.7,75.8,80.2
Azerbaijan,Total population with access to safe drinking-water (JMP),2012,75.8,80.2,84.5
Azerbaijan,Irrigation potential,2002,3200.0,3200.0,3200.0
Azerbaijan,Irrigation potential,2007,3200.0,3200.0,3200.0
Azerbaijan,Irrigation potential,2012,3200.0,3200.0,3200.0
Morocco,Water resources: total external renewable,2002,0.0,0.0,0.0
Morocco,Water resources: total external renewable,2007,0.0,0.0,0.0
Morocco,Water resources: total external renewable,2012,0.0,0.0,0.0
Morocco,Surface water: total flow of border rivers,2002,0.0,0.0,0.0
Morocco,Surface water: total flow of border rivers,2007,0.0,0.0,0.0
Morocco,Surface water: total flow of border rivers,2012,0.0,0.0,0.0
Morocco,Surface water: outflow to other countries secured through treaties,2002,0.0,0.0,0.0
Morocco,Surface water: outflow to other countries secured through treaties,2007,0.0,0.0,0.0
Morocco,Surface water: outflow to other countries secured through treaties,2012,0.0,0.0,0.0
Morocco,Surface water: inflow submitted to treaties,2002,0.0,0.0,0.0
Morocco,Surface water: inflow submitted to treaties,2007,0.0,0.0,0.0
Morocco,Surface water: inflow submitted to treaties,2012,0.0,0.0,0.0
Morocco,Surface water: inflow secured through treaties,2002,0.0,0.0,0.0
Morocco,Surface water: inflow secured through treaties,2007,0.0,0.0,0.0
Morocco,Surface water: inflow secured through treaties,2012,0.0,0.0,0.0
Morocco,Surface water: inflow not submitted to treaties,2002,0.0,0.0,0.0
Morocco,Surface water: inflow not submitted to treaties,2007,0.0,0.0,0.0
Morocco,Surface water: inflow not submitted to treaties,2012,0.0,0.0,0.0
Morocco,Surface water: entering the country (total),2002,0.0,0.0,0.0
Morocco,Surface water: entering the country (total),2007,0.0,0.0,0.0
Morocco,Surface water: entering the country (total),2012,0.0,0.0,0.0
Morocco,Surface water: accounted inflow,2002,0.0,0.0,0.0
Morocco,Surface water: accounted inflow,2007,0.0,0.0,0.0
Morocco,Surface water: accounted inflow,2012,0.0,0.0,0.0
Morocco,Surface water: accounted flow of border rivers,2002,0.0,0.0,0.0
Morocco,Surface water: accounted flow of border rivers,2007,0.0,0.0,0.0
Morocco,Surface water: accounted flow of border rivers,2012,0.0,0.0,0.0
Morocco,Surface water produced internally,2002,22.0,22.0,22.0
Morocco,Surface water produced internally,2007,22.0,22.0,22.0
Morocco,Surface water produced internally,2012,22.0,22.0,22.0
Morocco,Rural population,2002,13046.0,13361.0,13687.0
Morocco,Rural population,2007,13361.0,13687.0,14005.0
Morocco,Rural population,2012,13687.0,14005.0,14245.0
Morocco,Population density,2002,57.76,62.31,66.09
Morocco,Population density,2007,62.31,66.09,69.93
Morocco,Population density,2012,66.09,69.93,74.65
Morocco,Overlap: between surface water and groundwater,2002,3.0,3.0,3.0
Morocco,Overlap: between surface water and groundwater,2007,3.0,3.0,3.0
Morocco,Overlap: between surface water and groundwater,2012,3.0,3.0,3.0
Morocco,Overlap between surface water and groundwater,2002,3.0,3.0,3.0
Morocco,Overlap between surface water and groundwater,2007,3.0,3.0,3.0
Morocco,Overlap between surface water and groundwater,2012,3.0,3.0,3.0
Morocco,Long-term average annual precipitation in volume,2002,154.5,154.5,154.5
Morocco,Long-term average annual precipitation in volume,2007,154.5,154.5,154.5
Morocco,Long-term average annual precipitation in volume,2012,154.5,154.5,154.5
Morocco,Long-term average annual precipitation in depth,2002,346.0,346.0,346.0
Morocco,Long-term average annual precipitation in depth,2007,346.0,346.0,346.0
Morocco,Long-term average annual precipitation in depth,2012,346.0,346.0,346.0
Morocco,Groundwater: entering the country (total),2002,0.0,0.0,0.0
Morocco,Groundwater: entering the country (total),2007,0.0,0.0,0.0
Morocco,Groundwater: entering the country (total),2012,0.0,0.0,0.0
Morocco,Groundwater: accounted inflow,2002,0.0,0.0,0.0
Morocco,Groundwater: accounted inflow,2007,0.0,0.0,0.0
Morocco,Groundwater: accounted inflow,2012,0.0,0.0,0.0
Morocco,Groundwater produced internally,2002,10.0,10.0,10.0
Morocco,Groundwater produced internally,2007,10.0,10.0,10.0
Morocco,Groundwater produced internally,2012,10.0,10.0,10.0
Morocco,Environmental Flow Requirements,2002,8.167,8.167,8.167
Morocco,Environmental Flow Requirements,2007,8.167,8.167,8.167
Morocco,Environmental Flow Requirements,2012,8.167,8.167,8.167
Morocco,Dependency ratio,2002,0.0,0.0,0.0
Morocco,Dependency ratio,2007,0.0,0.0,0.0
Morocco,Dependency ratio,2012,0.0,0.0,0.0
Morocco,Surface water: total external renewable,2002,0.0,0.0,0.0
Morocco,Surface water: total external renewable,2007,0.0,0.0,0.0
Morocco,Surface water: total external renewable,2012,0.0,0.0,0.0
Morocco,Area,2002,Morocco,Morocco,Morocco
Morocco,Area,2007,Morocco,Morocco,Morocco
Morocco,Area,2012,Morocco,Morocco,Morocco
Morocco,Total renewable water resources,2002,29.0,29.0,29.0
Morocco,Total renewable water resources,2007,29.0,29.0,29.0
Morocco,Total renewable water resources,2012,29.0,29.0,29.0
Morocco,Total internal renewable water resources (IRWR),2002,29.0,29.0,29.0
Morocco,Total internal renewable water resources (IRWR),2007,29.0,29.0,29.0
Morocco,Total internal renewable water resources (IRWR),2012,29.0,29.0,29.0
Morocco,Total renewable water resources per capita,2002,1124.0,1042.0,982.7
Morocco,Total renewable water resources per capita,2007,1042.0,982.7,928.7
Morocco,Total renewable water resources per capita,2012,982.7,928.7,870.0
Morocco,Urban population,2002,12745.0,14465.0,15825.0
Morocco,Urban population,2007,14465.0,15825.0,17221.0
Morocco,Urban population,2012,15825.0,17221.0,19089.0
Morocco,Total population,2002,25791.0,27826.0,29512.0
Morocco,Total population,2007,27826.0,29512.0,31226.0
Morocco,Total population,2012,29512.0,31226.0,33334.0
Morocco,Total renewable surface water,2002,22.0,22.0,22.0
Morocco,Total renewable surface water,2007,22.0,22.0,22.0
Morocco,Total renewable surface water,2012,22.0,22.0,22.0
Morocco,Total internal renewable water resources per capita,2002,1124.0,1042.0,982.7
Morocco,Total internal renewable water resources per capita,2007,1042.0,982.7,928.7
Morocco,Total internal renewable water resources per capita,2012,982.7,928.7,870.0
Morocco,Total renewable groundwater,2002,10.0,10.0,10.0
Morocco,Total renewable groundwater,2007,10.0,10.0,10.0
Morocco,Total renewable groundwater,2012,10.0,10.0,10.0
Morocco,Gross Domestic Product (GDP),2002,33700000000.0,39100000000.0,42200000000.0
Morocco,Gross Domestic Product (GDP),2007,39100000000.0,42200000000.0,79000000000.0
Morocco,Gross Domestic Product (GDP),2012,42200000000.0,79000000000.0,98300000000.0
Morocco,% of total country area cultivated,2002,21.76,22.16,20.79
Morocco,% of total country area cultivated,2007,22.16,20.79,20.06
Morocco,% of total country area cultivated,2012,20.79,20.06,21.06
Morocco,GDP per capita,2002,1307.0,1407.0,1431.0
Morocco,GDP per capita,2007,1407.0,1431.0,2531.0
Morocco,GDP per capita,2012,1431.0,2531.0,2948.0
Morocco,Cultivated area (arable land + permanent crops),2002,9716.0,9895.0,9283.0
Morocco,Cultivated area (arable land + permanent crops),2007,9895.0,9283.0,8960.0
Morocco,Cultivated area (arable land + permanent crops),2012,9283.0,8960.0,9403.0
Morocco,Total area of the country (excl. coastal waters),2002,44655.0,44655.0,44655.0
Morocco,Total area of the country (excl. coastal waters),2007,44655.0,44655.0,44655.0
Morocco,Total area of the country (excl. coastal waters),2012,44655.0,44655.0,44655.0
Morocco,Arable land area,2002,8934.0,8980.0,8402.0
Morocco,Arable land area,2007,8980.0,8402.0,8065.0
Morocco,Arable land area,2012,8402.0,8065.0,8047.0
Morocco,Permanent crops area,2002,782.0,915.0,881.0
Morocco,Permanent crops area,2007,915.0,881.0,895.0
Morocco,Permanent crops area,2012,881.0,895.0,1356.0
Morocco,"Agriculture, value added (% GDP)",2002,16.19,16.52,14.78
Morocco,"Agriculture, value added (% GDP)",2007,16.52,14.78,12.2
Morocco,"Agriculture, value added (% GDP)",2012,14.78,12.2,13.37
Morocco,Surface water: outflow to other countries submitted to treaties,2002,0.0,0.0,0.0
Morocco,Surface water: outflow to other countries submitted to treaties,2007,0.0,0.0,0.0
Morocco,Surface water: outflow to other countries submitted to treaties,2012,0.0,0.0,0.0
Morocco,Surface water: leaving the country to other countries (total),2002,0.23,0.23,0.23
Morocco,Surface water: leaving the country to other countries (total),2007,0.23,0.23,0.23
Morocco,Surface water: leaving the country to other countries (total),2012,0.23,0.23,0.23
Morocco,Surface water: outflow to other countries not submitted to treaties,2002,0.23,0.23,0.23
Morocco,Surface water: outflow to other countries not submitted to treaties,2007,0.23,0.23,0.23
Morocco,Surface water: outflow to other countries not submitted to treaties,2012,0.23,0.23,0.23
Morocco,Groundwater: accounted outflow to other countries,2002,0.03,0.03,0.03
Morocco,Groundwater: accounted outflow to other countries,2007,0.03,0.03,0.03
Morocco,Groundwater: accounted outflow to other countries,2012,0.03,0.03,0.03
Morocco,Groundwater: leaving the country to other countries (total),2002,0.03,0.03,0.03
Morocco,Groundwater: leaving the country to other countries (total),2007,0.03,0.03,0.03
Morocco,Groundwater: leaving the country to other countries (total),2012,0.03,0.03,0.03
Morocco,Total exploitable water resources,2002,20.0,20.0,20.0
Morocco,Total exploitable water resources,2007,20.0,20.0,20.0
Morocco,Total exploitable water resources,2012,20.0,20.0,20.0
Morocco,Exploitable: regular renewable groundwater,2002,4.0,4.0,4.0
Morocco,Exploitable: regular renewable groundwater,2007,4.0,4.0,4.0
Morocco,Exploitable: regular renewable groundwater,2012,4.0,4.0,4.0
Morocco,Urban population with access to safe drinking-water (JMP),2002,94.0,95.2,96.3
Morocco,Urban population with access to safe drinking-water (JMP),2007,95.2,96.3,97.4
Morocco,Urban population with access to safe drinking-water (JMP),2012,96.3,97.4,98.5
Morocco,Rural population with access to safe drinking-water (JMP),2002,54.1,56.7,59.4
Morocco,Rural population with access to safe drinking-water (JMP),2007,56.7,59.4,62.1
Morocco,Rural population with access to safe drinking-water (JMP),2012,59.4,62.1,64.8
Morocco,Total population with access to safe drinking-water (JMP),2002,74.0,76.9,79.3
Morocco,Total population with access to safe drinking-water (JMP),2007,76.9,79.3,81.9
Morocco,Total population with access to safe drinking-water (JMP),2012,79.3,81.9,84.6
Morocco,Irrigation potential,2002,1664.0,1664.0,1664.0
Morocco,Irrigation potential,2007,1664.0,1664.0,1664.0
Morocco,Irrigation potential,2012,1664.0,1664.0,1664.0
Algeria,Water resources: total external renewable,2002,0.42,0.42,0.42
Algeria,Water resources: total external renewable,2007,0.42,0.42,0.42
Algeria,Water resources: total external renewable,2012,0.42,0.42,0.42
Algeria,Surface water: total flow of border rivers,2002,0.0,0.0,0.0
Algeria,Surface water: total flow of border rivers,2007,0.0,0.0,0.0
Algeria,Surface water: total flow of border rivers,2012,0.0,0.0,0.0
Algeria,Surface water: outflow to other countries secured through treaties,2002,0.0,0.0,0.0
Algeria,Surface water: outflow to other countries secured through treaties,2007,0.0,0.0,0.0
Algeria,Surface water: outflow to other countries secured through treaties,2012,0.0,0.0,0.0
Algeria,Surface water: inflow submitted to treaties,2002,0.0,0.0,0.0
Algeria,Surface water: inflow submitted to treaties,2007,0.0,0.0,0.0
Algeria,Surface water: inflow submitted to treaties,2012,0.0,0.0,0.0
Algeria,Surface water: inflow secured through treaties,2002,0.0,0.0,0.0
Algeria,Surface water: inflow secured through treaties,2007,0.0,0.0,0.0
Algeria,Surface water: inflow secured through treaties,2012,0.0,0.0,0.0
Algeria,Surface water: inflow not submitted to treaties,2002,0.39,0.39,0.39
Algeria,Surface water: inflow not submitted to treaties,2007,0.39,0.39,0.39
Algeria,Surface water: inflow not submitted to treaties,2012,0.39,0.39,0.39
Algeria,Surface water: entering the country (total),2002,0.39,0.39,0.39
Algeria,Surface water: entering the country (total),2007,0.39,0.39,0.39
Algeria,Surface water: entering the country (total),2012,0.39,0.39,0.39
Algeria,Surface water: accounted inflow,2002,0.39,0.39,0.39
Algeria,Surface water: accounted inflow,2007,0.39,0.39,0.39
Algeria,Surface water: accounted inflow,2012,0.39,0.39,0.39
Algeria,Surface water: accounted flow of border rivers,2002,0.0,0.0,0.0
Algeria,Surface water: accounted flow of border rivers,2007,0.0,0.0,0.0
Algeria,Surface water: accounted flow of border rivers,2012,0.0,0.0,0.0
Algeria,Surface water produced internally,2002,9.76,9.76,9.76
Algeria,Surface water produced internally,2007,9.76,9.76,9.76
Algeria,Surface water produced internally,2012,9.76,9.76,9.76
Algeria,Rural population,2002,12406.0,12425.0,11962.0
Algeria,Rural population,2007,12425.0,11962.0,11365.0
Algeria,Rural population,2012,11962.0,11365.0,11064.0
Algeria,Population density,2002,11.41,12.55,13.43
Algeria,Population density,2007,12.55,13.43,14.4
Algeria,Population density,2012,13.43,14.4,15.77
Algeria,Overlap: between surface water and groundwater,2002,0.0,0.0,0.0
Algeria,Overlap: between surface water and groundwater,2007,0.0,0.0,0.0
Algeria,Overlap: between surface water and groundwater,2012,0.0,0.0,0.0
Algeria,Overlap between surface water and groundwater,2002,0.0,0.0,0.0
Algeria,Overlap between surface water and groundwater,2007,0.0,0.0,0.0
Algeria,Overlap between surface water and groundwater,2012,0.0,0.0,0.0
Algeria,Long-term average annual precipitation in volume,2002,212.0,212.0,212.0
Algeria,Long-term average annual precipitation in volume,2007,212.0,212.0,212.0
Algeria,Long-term average annual precipitation in volume,2012,212.0,212.0,212.0
Algeria,Long-term average annual precipitation in depth,2002,89.0,89.0,89.0
Algeria,Long-term average annual precipitation in depth,2007,89.0,89.0,89.0
Algeria,Long-term average annual precipitation in depth,2012,89.0,89.0,89.0
Algeria,Groundwater: entering the country (total),2002,0.03,0.03,0.03
Algeria,Groundwater: entering the country (total),2007,0.03,0.03,0.03
Algeria,Groundwater: entering the country (total),2012,0.03,0.03,0.03
Algeria,Groundwater: accounted inflow,2002,0.03,0.03,0.03
Algeria,Groundwater: accounted inflow,2007,0.03,0.03,0.03
Algeria,Groundwater: accounted inflow,2012,0.03,0.03,0.03
Algeria,Groundwater produced internally,2002,1.4869999999999999,1.4869999999999999,1.4869999999999999
Algeria,Groundwater produced internally,2007,1.4869999999999999,1.4869999999999999,1.4869999999999999
Algeria,Groundwater produced internally,2012,1.4869999999999999,1.4869999999999999,1.4869999999999999
Algeria,Environmental Flow Requirements,2002,4.56,4.56,4.56
Algeria,Environmental Flow Requirements,2007,4.56,4.56,4.56
Algeria,Environmental Flow Requirements,2012,4.56,4.56,4.56
Algeria,Dependency ratio,2002,3.5989999999999998,3.5989999999999998,3.5989999999999998
Algeria,Dependency ratio,2007,3.5989999999999998,3.5989999999999998,3.5989999999999998
Algeria,Dependency ratio,2012,3.5989999999999998,3.5989999999999998,3.5989999999999998
Algeria,Surface water: total external renewable,2002,0.39,0.39,0.39
Algeria,Surface water: total external renewable,2007,0.39,0.39,0.39
Algeria,Surface water: total external renewable,2012,0.39,0.39,0.39
Algeria,Area,2002,Algeria,Algeria,Algeria
Algeria,Area,2007,Algeria,Algeria,Algeria
Algeria,Area,2012,Algeria,Algeria,Algeria
Algeria,Total renewable water resources,2002,11.67,11.67,11.67
Algeria,Total renewable water resources,2007,11.67,11.67,11.67
Algeria,Total renewable water resources,2012,11.67,11.67,11.67
Algeria,Total internal renewable water resources (IRWR),2002,11.25,11.25,11.25
Algeria,Total internal renewable water resources (IRWR),2007,11.25,11.25,11.25
Algeria,Total internal renewable water resources (IRWR),2012,11.25,11.25,11.25
Algeria,Total renewable water resources per capita,2002,429.3,390.5,364.7
Algeria,Total renewable water resources per capita,2007,390.5,364.7,340.2
Algeria,Total renewable water resources per capita,2012,364.7,340.2,310.7
Algeria,Urban population,2002,14775.0,17462.0,20033.0
Algeria,Urban population,2007,17462.0,20033.0,22935.0
Algeria,Urban population,2012,20033.0,22935.0,26502.0
Algeria,Total population,2002,27181.0,29887.0,31995.0
Algeria,Total population,2007,29887.0,31995.0,34300.0
Algeria,Total population,2012,31995.0,34300.0,37566.0
Algeria,Total renewable surface water,2002,10.15,10.15,10.15
Algeria,Total renewable surface water,2007,10.15,10.15,10.15
Algeria,Total renewable surface water,2012,10.15,10.15,10.15
Algeria,Total internal renewable water resources per capita,2002,413.9,376.4,351.6
Algeria,Total internal renewable water resources per capita,2007,376.4,351.6,328.0
Algeria,Total internal renewable water resources per capita,2012,351.6,328.0,299.5
Algeria,Total renewable groundwater,2002,1.517,1.517,1.517
Algeria,Total renewable groundwater,2007,1.517,1.517,1.517
Algeria,Total renewable groundwater,2012,1.517,1.517,1.517
Algeria,Gross Domestic Product (GDP),2002,48000000000.0,48200000000.0,56800000000.0
Algeria,Gross Domestic Product (GDP),2007,48200000000.0,56800000000.0,135000000000.0
Algeria,Gross Domestic Product (GDP),2012,56800000000.0,135000000000.0,209000000000.0
Algeria,% of total country area cultivated,2002,3.398,3.426,3.445
Algeria,% of total country area cultivated,2007,3.426,3.445,3.523
Algeria,% of total country area cultivated,2012,3.445,3.523,3.5389999999999997
Algeria,GDP per capita,2002,1766.0,1612.0,1774.0
Algeria,GDP per capita,2007,1612.0,1774.0,3936.0
Algeria,GDP per capita,2012,1774.0,3936.0,5564.0
Algeria,Cultivated area (arable land + permanent crops),2002,8094.0,8159.0,8206.0
Algeria,Cultivated area (arable land + permanent crops),2007,8159.0,8206.0,8390.0
Algeria,Cultivated area (arable land + permanent crops),2012,8206.0,8390.0,8430.0
Algeria,Total area of the country (excl. coastal waters),2002,238174.0,238174.0,238174.0
Algeria,Total area of the country (excl. coastal waters),2007,238174.0,238174.0,238174.0
Algeria,Total area of the country (excl. coastal waters),2012,238174.0,238174.0,238174.0
Algeria,Arable land area,2002,7562.0,7650.0,7547.0
Algeria,Arable land area,2007,7650.0,7547.0,7469.0
Algeria,Arable land area,2012,7547.0,7469.0,7506.0
Algeria,Permanent crops area,2002,532.0,509.0,659.0
Algeria,Permanent crops area,2007,509.0,659.0,921.0
Algeria,Permanent crops area,2012,659.0,921.0,924.0
Algeria,"Agriculture, value added (% GDP)",2002,12.13,9.482000000000001,9.766
Algeria,"Agriculture, value added (% GDP)",2007,9.482000000000001,9.766,7.688
Algeria,"Agriculture, value added (% GDP)",2012,9.766,7.688,9.396
Algeria,Surface water: outflow to other countries submitted to treaties,2002,0.0,0.0,0.0
Algeria,Surface water: outflow to other countries submitted to treaties,2007,0.0,0.0,0.0
Algeria,Surface water: outflow to other countries submitted to treaties,2012,0.0,0.0,0.0
Algeria,Surface water: leaving the country to other countries (total),2002,0.32,0.32,0.32
Algeria,Surface water: leaving the country to other countries (total),2007,0.32,0.32,0.32
Algeria,Surface water: leaving the country to other countries (total),2012,0.32,0.32,0.32
Algeria,Surface water: outflow to other countries not submitted to treaties,2002,0.32,0.32,0.32
Algeria,Surface water: outflow to other countries not submitted to treaties,2007,0.32,0.32,0.32
Algeria,Surface water: outflow to other countries not submitted to treaties,2012,0.32,0.32,0.32
Algeria,Groundwater: accounted outflow to other countries,2002,0.1,0.1,0.1
Algeria,Groundwater: accounted outflow to other countries,2007,0.1,0.1,0.1
Algeria,Groundwater: accounted outflow to other countries,2012,0.1,0.1,0.1
Algeria,Groundwater: leaving the country to other countries (total),2002,0.1,0.1,0.1
Algeria,Groundwater: leaving the country to other countries (total),2007,0.1,0.1,0.1
Algeria,Groundwater: leaving the country to other countries (total),2012,0.1,0.1,0.1
Algeria,Total exploitable water resources,2002,7.9,7.9,7.9
Algeria,Total exploitable water resources,2007,7.9,7.9,7.9
Algeria,Total exploitable water resources,2012,7.9,7.9,7.9
Algeria,Exploitable: regular renewable groundwater,2002,1.9,1.9,1.9
Algeria,Exploitable: regular renewable groundwater,2007,1.9,1.9,1.9
Algeria,Exploitable: regular renewable groundwater,2012,1.9,1.9,1.9
Algeria,Urban population with access to safe drinking-water (JMP),2002,97.4,95.0,92.0
Algeria,Urban population with access to safe drinking-water (JMP),2007,95.0,92.0,89.1
Algeria,Urban population with access to safe drinking-water (JMP),2012,92.0,89.1,86.1
Algeria,Rural population with access to safe drinking-water (JMP),2002,85.0,84.5,83.7
Algeria,Rural population with access to safe drinking-water (JMP),2007,84.5,83.7,83.0
Algeria,Rural population with access to safe drinking-water (JMP),2012,83.7,83.0,82.2
Algeria,Total population with access to safe drinking-water (JMP),2002,91.7,90.5,88.8
Algeria,Total population with access to safe drinking-water (JMP),2007,90.5,88.8,87.0
Algeria,Total population with access to safe drinking-water (JMP),2012,88.8,87.0,84.9
Algeria,Irrigation potential,2002,1300.0,1300.0,1300.0
Algeria,Irrigation potential,2007,1300.0,1300.0,1300.0
Algeria,Irrigation potential,2012,1300.0,1300.0,1300.0
Tunisia,Water resources: total external renewable,2002,0.42,0.42,0.42
Tunisia,Water resources: total external renewable,2007,0.42,0.42,0.42
Tunisia,Water resources: total external renewable,2012,0.42,0.42,0.42
Tunisia,Surface water: total flow of border rivers,2002,0.0,0.0,0.0
Tunisia,Surface water: total flow of border rivers,2007,0.0,0.0,0.0
Tunisia,Surface water: total flow of border rivers,2012,0.0,0.0,0.0
Tunisia,Surface water: outflow to other countries secured through treaties,2002,0.0,0.0,0.0
Tunisia,Surface water: outflow to other countries secured through treaties,2007,0.0,0.0,0.0
Tunisia,Surface water: outflow to other countries secured through treaties,2012,0.0,0.0,0.0
Tunisia,Surface water: inflow submitted to treaties,2002,0.0,0.0,0.0
Tunisia,Surface water: inflow submitted to treaties,2007,0.0,0.0,0.0
Tunisia,Surface water: inflow submitted to treaties,2012,0.0,0.0,0.0
Tunisia,Surface water: inflow secured through treaties,2002,0.0,0.0,0.0
Tunisia,Surface water: inflow secured through treaties,2007,0.0,0.0,0.0
Tunisia,Surface water: inflow secured through treaties,2012,0.0,0.0,0.0
Tunisia,Surface water: inflow not submitted to treaties,2002,0.32,0.32,0.32
Tunisia,Surface water: inflow not submitted to treaties,2007,0.32,0.32,0.32
Tunisia,Surface water: inflow not submitted to treaties,2012,0.32,0.32,0.32
Tunisia,Surface water: entering the country (total),2002,0.32,0.32,0.32
Tunisia,Surface water: entering the country (total),2007,0.32,0.32,0.32
Tunisia,Surface water: entering the country (total),2012,0.32,0.32,0.32
Tunisia,Surface water: accounted inflow,2002,0.32,0.32,0.32
Tunisia,Surface water: accounted inflow,2007,0.32,0.32,0.32
Tunisia,Surface water: accounted inflow,2012,0.32,0.32,0.32
Tunisia,Surface water: accounted flow of border rivers,2002,0.0,0.0,0.0
Tunisia,Surface water: accounted flow of border rivers,2007,0.0,0.0,0.0
Tunisia,Surface water: accounted flow of border rivers,2012,0.0,0.0,0.0
Tunisia,Surface water produced internally,2002,3.1,3.1,3.1
Tunisia,Surface water produced internally,2007,3.1,3.1,3.1
Tunisia,Surface water produced internally,2012,3.1,3.1,3.1
Tunisia,Rural population,2002,3541.0,3633.0,3605.0
Tunisia,Rural population,2007,3633.0,3605.0,3575.0
Tunisia,Rural population,2012,3605.0,3575.0,3680.0
Tunisia,Population density,2002,52.58,57.36,60.29
Tunisia,Population density,2007,57.36,60.29,62.94
Tunisia,Population density,2012,60.29,62.94,66.54
Tunisia,Overlap: between surface water and groundwater,2002,0.4,0.4,0.4
Tunisia,Overlap: between surface water and groundwater,2007,0.4,0.4,0.4
Tunisia,Overlap: between surface water and groundwater,2012,0.4,0.4,0.4
Tunisia,Overlap between surface water and groundwater,2002,0.4,0.4,0.4
Tunisia,Overlap between surface water and groundwater,2007,0.4,0.4,0.4
Tunisia,Overlap between surface water and groundwater,2012,0.4,0.4,0.4
Tunisia,Long-term average annual precipitation in volume,2002,33.87,33.87,33.87
Tunisia,Long-term average annual precipitation in volume,2007,33.87,33.87,33.87
Tunisia,Long-term average annual precipitation in volume,2012,33.87,33.87,33.87
Tunisia,Long-term average annual precipitation in depth,2002,207.0,207.0,207.0
Tunisia,Long-term average annual precipitation in depth,2007,207.0,207.0,207.0
Tunisia,Long-term average annual precipitation in depth,2012,207.0,207.0,207.0
Tunisia,Groundwater: entering the country (total),2002,0.1,0.1,0.1
Tunisia,Groundwater: entering the country (total),2007,0.1,0.1,0.1
Tunisia,Groundwater: entering the country (total),2012,0.1,0.1,0.1
Tunisia,Groundwater: accounted inflow,2002,0.1,0.1,0.1
Tunisia,Groundwater: accounted inflow,2007,0.1,0.1,0.1
Tunisia,Groundwater: accounted inflow,2012,0.1,0.1,0.1
Tunisia,Groundwater produced internally,2002,1.495,1.495,1.495
Tunisia,Groundwater produced internally,2007,1.495,1.495,1.495
Tunisia,Groundwater produced internally,2012,1.495,1.495,1.495
Tunisia,Environmental Flow Requirements,2002,0.6767,0.6767,0.6767
Tunisia,Environmental Flow Requirements,2007,0.6767,0.6767,0.6767
Tunisia,Environmental Flow Requirements,2012,0.6767,0.6767,0.6767
Tunisia,Dependency ratio,2002,9.101,9.101,9.101
Tunisia,Dependency ratio,2007,9.101,9.101,9.101
Tunisia,Dependency ratio,2012,9.101,9.101,9.101
Tunisia,Surface water: total external renewable,2002,0.32,0.32,0.32
Tunisia,Surface water: total external renewable,2007,0.32,0.32,0.32
Tunisia,Surface water: total external renewable,2012,0.32,0.32,0.32
Tunisia,Area,2002,Tunisia,Tunisia,Tunisia
Tunisia,Area,2007,Tunisia,Tunisia,Tunisia
Tunisia,Area,2012,Tunisia,Tunisia,Tunisia
Tunisia,Total renewable water resources,2002,4.615,4.615,4.615
Tunisia,Total renewable water resources,2007,4.615,4.615,4.615
Tunisia,Total renewable water resources,2012,4.615,4.615,4.615
Tunisia,Total internal renewable water resources (IRWR),2002,4.195,4.195,4.195
Tunisia,Total internal renewable water resources (IRWR),2007,4.195,4.195,4.195
Tunisia,Total internal renewable water resources (IRWR),2012,4.195,4.195,4.195
Tunisia,Total renewable water resources per capita,2002,536.4,491.8,467.9
Tunisia,Total renewable water resources per capita,2007,491.8,467.9,448.1
Tunisia,Total renewable water resources per capita,2012,467.9,448.1,423.9
Tunisia,Urban population,2002,5062.0,5751.0,6259.0
Tunisia,Urban population,2007,5751.0,6259.0,6723.0
Tunisia,Urban population,2012,6259.0,6723.0,7207.0
Tunisia,Total population,2002,8603.0,9384.0,9864.0
Tunisia,Total population,2007,9384.0,9864.0,10298.0
Tunisia,Total population,2012,9864.0,10298.0,10887.0
Tunisia,Total renewable surface water,2002,3.42,3.42,3.42
Tunisia,Total renewable surface water,2007,3.42,3.42,3.42
Tunisia,Total renewable surface water,2012,3.42,3.42,3.42
Tunisia,Total internal renewable water resources per capita,2002,487.6,447.0,425.3
Tunisia,Total internal renewable water resources per capita,2007,447.0,425.3,407.4
Tunisia,Total internal renewable water resources per capita,2012,425.3,407.4,385.3
Tunisia,Total renewable groundwater,2002,1.595,1.595,1.595
Tunisia,Total renewable groundwater,2007,1.595,1.595,1.595
Tunisia,Total renewable groundwater,2012,1.595,1.595,1.595
Tunisia,Gross Domestic Product (GDP),2002,15500000000.0,20700000000.0,23100000000.0
Tunisia,Gross Domestic Product (GDP),2007,20700000000.0,23100000000.0,38900000000.0
Tunisia,Gross Domestic Product (GDP),2012,23100000000.0,38900000000.0,45000000000.0
Tunisia,% of total country area cultivated,2002,29.83,30.05,30.0
Tunisia,% of total country area cultivated,2007,30.05,30.0,30.16
Tunisia,% of total country area cultivated,2012,30.0,30.16,31.31
Tunisia,GDP per capita,2002,1801.0,2211.0,2346.0
Tunisia,GDP per capita,2007,2211.0,2346.0,3778.0
Tunisia,GDP per capita,2012,2346.0,3778.0,4137.0
Tunisia,Cultivated area (arable land + permanent crops),2002,4881.0,4917.0,4908.0
Tunisia,Cultivated area (arable land + permanent crops),2007,4917.0,4908.0,4935.0
Tunisia,Cultivated area (arable land + permanent crops),2012,4908.0,4935.0,5123.0
Tunisia,Total area of the country (excl. coastal waters),2002,16361.0,16361.0,16361.0
Tunisia,Total area of the country (excl. coastal waters),2007,16361.0,16361.0,16361.0
Tunisia,Total area of the country (excl. coastal waters),2012,16361.0,16361.0,16361.0
Tunisia,Arable land area,2002,2908.0,2845.0,2771.0
Tunisia,Arable land area,2007,2845.0,2771.0,2733.0
Tunisia,Arable land area,2012,2771.0,2733.0,2848.0
Tunisia,Permanent crops area,2002,1973.0,2072.0,2137.0
Tunisia,Permanent crops area,2007,2072.0,2137.0,2202.0
Tunisia,Permanent crops area,2012,2137.0,2202.0,2275.0
Tunisia,"Agriculture, value added (% GDP)",2002,18.6,12.61,9.326
Tunisia,"Agriculture, value added (% GDP)",2007,12.61,9.326,9.4
Tunisia,"Agriculture, value added (% GDP)",2012,9.326,9.4,9.391
Tunisia,Surface water: outflow to other countries submitted to treaties,2002,0.0,0.0,0.0
Tunisia,Surface water: outflow to other countries submitted to treaties,2007,0.0,0.0,0.0
Tunisia,Surface water: outflow to other countries submitted to treaties,2012,0.0,0.0,0.0
Tunisia,Surface water: leaving the country to other countries (total),2002,0.16,0.16,0.16
Tunisia,Surface water: leaving the country to other countries (total),2007,0.16,0.16,0.16
Tunisia,Surface water: leaving the country to other countries (total),2012,0.16,0.16,0.16
Tunisia,Surface water: outflow to other countries not submitted to treaties,2002,0.177,0.177,0.177
Tunisia,Surface water: outflow to other countries not submitted to treaties,2007,0.177,0.177,0.177
Tunisia,Surface water: outflow to other countries not submitted to treaties,2012,0.177,0.177,0.177
Tunisia,Groundwater: accounted outflow to other countries,2002,0.0,0.0,0.0
Tunisia,Groundwater: accounted outflow to other countries,2007,0.0,0.0,0.0
Tunisia,Groundwater: accounted outflow to other countries,2012,0.0,0.0,0.0
Tunisia,Groundwater: leaving the country to other countries (total),2002,0.0,0.0,0.0
Tunisia,Groundwater: leaving the country to other countries (total),2007,0.0,0.0,0.0
Tunisia,Groundwater: leaving the country to other countries (total),2012,0.0,0.0,0.0
Tunisia,Total exploitable water resources,2002,3.625,3.625,3.625
Tunisia,Total exploitable water resources,2007,3.625,3.625,3.625
Tunisia,Total exploitable water resources,2012,3.625,3.625,3.625
Tunisia,Exploitable: regular renewable groundwater,2002,1.15,1.15,1.15
Tunisia,Exploitable: regular renewable groundwater,2007,1.15,1.15,1.15
Tunisia,Exploitable: regular renewable groundwater,2012,1.15,1.15,1.15
Tunisia,Urban population with access to safe drinking-water (JMP),2002,96.1,97.0,98.0
Tunisia,Urban population with access to safe drinking-water (JMP),2007,97.0,98.0,99.0
Tunisia,Urban population with access to safe drinking-water (JMP),2012,98.0,99.0,100.0
Tunisia,Rural population with access to safe drinking-water (JMP),2002,66.8,72.8,78.8
Tunisia,Rural population with access to safe drinking-water (JMP),2007,72.8,78.8,84.8
Tunisia,Rural population with access to safe drinking-water (JMP),2012,78.8,84.8,90.8
Tunisia,Total population with access to safe drinking-water (JMP),2002,84.2,87.9,91.1
Tunisia,Total population with access to safe drinking-water (JMP),2007,87.9,91.1,94.1
Tunisia,Total population with access to safe drinking-water (JMP),2012,91.1,94.1,96.9
Tunisia,Irrigation potential,2002,560.0,560.0,560.0
Tunisia,Irrigation potential,2007,560.0,560.0,560.0
Tunisia,Irrigation potential,2012,560.0,560.0,560.0
Egypt,Water resources: total external renewable,2002,56.5,56.5,56.5
Egypt,Water resources: total external renewable,2007,56.5,56.5,56.5
Egypt,Water resources: total external renewable,2012,56.5,56.5,56.5
Egypt,Surface water: total flow of border rivers,2002,0.0,0.0,0.0
Egypt,Surface water: total flow of border rivers,2007,0.0,0.0,0.0
Egypt,Surface water: total flow of border rivers,2012,0.0,0.0,0.0
Egypt,Surface water: outflow to other countries secured through treaties,2002,0.0,0.0,0.0
Egypt,Surface water: outflow to other countries secured through treaties,2007,0.0,0.0,0.0
Egypt,Surface water: outflow to other countries secured through treaties,2012,0.0,0.0,0.0
Egypt,Surface water: inflow submitted to treaties,2002,84.0,84.0,84.0
Egypt,Surface water: inflow submitted to treaties,2007,84.0,84.0,84.0
Egypt,Surface water: inflow submitted to treaties,2012,84.0,84.0,84.0
Egypt,Surface water: inflow secured through treaties,2002,55.5,55.5,55.5
Egypt,Surface water: inflow secured through treaties,2007,55.5,55.5,55.5
Egypt,Surface water: inflow secured through treaties,2012,55.5,55.5,55.5
Egypt,Surface water: inflow not submitted to treaties,2002,0.0,0.0,0.0
Egypt,Surface water: inflow not submitted to treaties,2007,0.0,0.0,0.0
Egypt,Surface water: inflow not submitted to treaties,2012,0.0,0.0,0.0
Egypt,Surface water: entering the country (total),2002,84.0,84.0,84.0
Egypt,Surface water: entering the country (total),2007,84.0,84.0,84.0
Egypt,Surface water: entering the country (total),2012,84.0,84.0,84.0
Egypt,Surface water: accounted inflow,2002,55.5,55.5,55.5
Egypt,Surface water: accounted inflow,2007,55.5,55.5,55.5
Egypt,Surface water: accounted inflow,2012,55.5,55.5,55.5
Egypt,Surface water: accounted flow of border rivers,2002,0.0,0.0,0.0
Egypt,Surface water: accounted flow of border rivers,2007,0.0,0.0,0.0
Egypt,Surface water: accounted flow of border rivers,2012,0.0,0.0,0.0
Egypt,Surface water produced internally,2002,0.5,0.5,0.5
Egypt,Surface water produced internally,2007,0.5,0.5,0.5
Egypt,Surface water produced internally,2012,0.5,0.5,0.5
Egypt,Rural population,2002,34813.0,39236.0,43296.0
Egypt,Rural population,2007,39236.0,43296.0,47561.0
Egypt,Rural population,2012,43296.0,47561.0,53101.0
Egypt,Population density,2002,59.95,66.06,72.48
Egypt,Population density,2007,66.06,72.48,79.42
Egypt,Population density,2012,72.48,79.42,87.69
Egypt,Overlap: between surface water and groundwater,2002,0.0,0.0,0.0
Egypt,Overlap: between surface water and groundwater,2007,0.0,0.0,0.0
Egypt,Overlap: between surface water and groundwater,2012,0.0,0.0,0.0
Egypt,Overlap between surface water and groundwater,2002,0.0,0.0,0.0
Egypt,Overlap between surface water and groundwater,2007,0.0,0.0,0.0
Egypt,Overlap between surface water and groundwater,2012,0.0,0.0,0.0
Egypt,Long-term average annual precipitation in volume,2002,18.13,18.13,18.13
Egypt,Long-term average annual precipitation in volume,2007,18.13,18.13,18.13
Egypt,Long-term average annual precipitation in volume,2012,18.13,18.13,18.13
Egypt,Long-term average annual precipitation in depth,2002,18.1,18.1,18.1
Egypt,Long-term average annual precipitation in depth,2007,18.1,18.1,18.1
Egypt,Long-term average annual precipitation in depth,2012,18.1,18.1,18.1
Egypt,Groundwater: entering the country (total),2002,1.0,1.0,1.0
Egypt,Groundwater: entering the country (total),2007,1.0,1.0,1.0
Egypt,Groundwater: entering the country (total),2012,1.0,1.0,1.0
Egypt,Groundwater: accounted inflow,2002,1.0,1.0,1.0
Egypt,Groundwater: accounted inflow,2007,1.0,1.0,1.0
Egypt,Groundwater: accounted inflow,2012,1.0,1.0,1.0
Egypt,Groundwater produced internally,2002,0.5,0.5,0.5
Egypt,Groundwater produced internally,2007,0.5,0.5,0.5
Egypt,Groundwater produced internally,2012,0.5,0.5,0.5
Egypt,Environmental Flow Requirements,2002,2.6,2.6,2.6
Egypt,Environmental Flow Requirements,2007,2.6,2.6,2.6
Egypt,Environmental Flow Requirements,2012,2.6,2.6,2.6
Egypt,Dependency ratio,2002,98.26,98.26,98.26
Egypt,Dependency ratio,2007,98.26,98.26,98.26
Egypt,Dependency ratio,2012,98.26,98.26,98.26
Egypt,Surface water: total external renewable,2002,55.5,55.5,55.5
Egypt,Surface water: total external renewable,2007,55.5,55.5,55.5
Egypt,Surface water: total external renewable,2012,55.5,55.5,55.5
Egypt,Area,2002,Egypt,Egypt,Egypt
Egypt,Area,2007,Egypt,Egypt,Egypt
Egypt,Area,2012,Egypt,Egypt,Egypt
Egypt,Total renewable water resources,2002,57.5,57.5,57.5
Egypt,Total renewable water resources,2007,57.5,57.5,57.5
Egypt,Total renewable water resources,2012,57.5,57.5,57.5
Egypt,Total internal renewable water resources (IRWR),2002,1.0,1.0,1.0
Egypt,Total internal renewable water resources (IRWR),2007,1.0,1.0,1.0
Egypt,Total internal renewable water resources (IRWR),2012,1.0,1.0,1.0
Egypt,Total renewable water resources per capita,2002,957.8,869.2,792.1
Egypt,Total renewable water resources per capita,2007,869.2,792.1,722.9
Egypt,Total renewable water resources per capita,2012,792.1,722.9,654.8
Egypt,Urban population,2002,25223.0,26915.0,29294.0
Egypt,Urban population,2007,26915.0,29294.0,31976.0
Egypt,Urban population,2012,29294.0,31976.0,34712.0
Egypt,Total population,2002,60036.0,66151.0,72590.0
Egypt,Total population,2007,66151.0,72590.0,79537.0
Egypt,Total population,2012,72590.0,79537.0,87813.0
Egypt,Total renewable surface water,2002,56.0,56.0,56.0
Egypt,Total renewable surface water,2007,56.0,56.0,56.0
Egypt,Total renewable surface water,2012,56.0,56.0,56.0
Egypt,Total internal renewable water resources per capita,2002,16.66,15.12,13.78
Egypt,Total internal renewable water resources per capita,2007,15.12,13.78,12.57
Egypt,Total internal renewable water resources per capita,2012,13.78,12.57,11.39
Egypt,Total renewable groundwater,2002,1.5,1.5,1.5
Egypt,Total renewable groundwater,2007,1.5,1.5,1.5
Egypt,Total renewable groundwater,2012,1.5,1.5,1.5
Egypt,Gross Domestic Product (GDP),2002,41900000000.0,78400000000.0,87900000000.0
Egypt,Gross Domestic Product (GDP),2007,78400000000.0,87900000000.0,130000000000.0
Egypt,Gross Domestic Product (GDP),2012,87900000000.0,130000000000.0,276000000000.0
Egypt,% of total country area cultivated,2002,2.992,3.24,3.4189999999999996
Egypt,% of total country area cultivated,2007,3.24,3.4189999999999996,3.533
Egypt,% of total country area cultivated,2012,3.4189999999999996,3.533,3.6910000000000003
Egypt,GDP per capita,2002,697.2,1186.0,1210.0
Egypt,GDP per capita,2007,1186.0,1210.0,1634.0
Egypt,GDP per capita,2012,1210.0,1634.0,3143.0
Egypt,Cultivated area (arable land + permanent crops),2002,2996.0,3245.0,3424.0
Egypt,Cultivated area (arable land + permanent crops),2007,3245.0,3424.0,3538.0
Egypt,Cultivated area (arable land + permanent crops),2012,3424.0,3538.0,3696.0
Egypt,Total area of the country (excl. coastal waters),2002,100145.0,100145.0,100145.0
Egypt,Total area of the country (excl. coastal waters),2007,100145.0,100145.0,100145.0
Egypt,Total area of the country (excl. coastal waters),2012,100145.0,100145.0,100145.0
Egypt,Arable land area,2002,2615.0,2779.0,2936.0
Egypt,Arable land area,2007,2779.0,2936.0,2564.0
Egypt,Arable land area,2012,2936.0,2564.0,2829.0
Egypt,Permanent crops area,2002,381.0,466.0,488.0
Egypt,Permanent crops area,2007,466.0,488.0,974.0
Egypt,Permanent crops area,2012,488.0,974.0,867.0
Egypt,"Agriculture, value added (% GDP)",2002,16.54,16.95,16.46
Egypt,"Agriculture, value added (% GDP)",2007,16.95,16.46,14.07
Egypt,"Agriculture, value added (% GDP)",2012,16.46,14.07,11.14
Egypt,Surface water: outflow to other countries submitted to treaties,2002,0.0,0.0,0.0
Egypt,Surface water: outflow to other countries submitted to treaties,2007,0.0,0.0,0.0
Egypt,Surface water: outflow to other countries submitted to treaties,2012,0.0,0.0,0.0
Egypt,Surface water: leaving the country to other countries (total),2002,0.0,0.0,0.0
Egypt,Surface water: leaving the country to other countries (total),2007,0.0,0.0,0.0
Egypt,Surface water: leaving the country to other countries (total),2012,0.0,0.0,0.0
Egypt,Surface water: outflow to other countries not submitted to treaties,2002,0.0,0.0,0.0
Egypt,Surface water: outflow to other countries not submitted to treaties,2007,0.0,0.0,0.0
Egypt,Surface water: outflow to other countries not submitted to treaties,2012,0.0,0.0,0.0
Egypt,Groundwater: accounted outflow to other countries,2002,0.0,0.0,0.0
Egypt,Groundwater: accounted outflow to other countries,2007,0.0,0.0,0.0
Egypt,Groundwater: accounted outflow to other countries,2012,0.0,0.0,0.0
Egypt,Groundwater: leaving the country to other countries (total),2002,0.0,0.0,0.0
Egypt,Groundwater: leaving the country to other countries (total),2007,0.0,0.0,0.0
Egypt,Groundwater: leaving the country to other countries (total),2012,0.0,0.0,0.0
Egypt,Total exploitable water resources,2002,49.7,49.7,49.7
Egypt,Total exploitable water resources,2007,49.7,49.7,49.7
Egypt,Total exploitable water resources,2012,49.7,49.7,49.7
Egypt,Exploitable: regular renewable groundwater,2002,0.7,0.7,0.7
Egypt,Exploitable: regular renewable groundwater,2007,0.7,0.7,0.7
Egypt,Exploitable: regular renewable groundwater,2012,0.7,0.7,0.7
Egypt,Urban population with access to safe drinking-water (JMP),2002,97.0,97.7,98.4
Egypt,Urban population with access to safe drinking-water (JMP),2007,97.7,98.4,99.2
Egypt,Urban population with access to safe drinking-water (JMP),2012,98.4,99.2,99.9
Egypt,Rural population with access to safe drinking-water (JMP),2002,91.6,93.2,94.8
Egypt,Rural population with access to safe drinking-water (JMP),2007,93.2,94.8,96.4
Egypt,Rural population with access to safe drinking-water (JMP),2012,94.8,96.4,98.0
Egypt,Total population with access to safe drinking-water (JMP),2002,93.9,95.1,96.4
Egypt,Total population with access to safe drinking-water (JMP),2007,95.1,96.4,97.6
Egypt,Total population with access to safe drinking-water (JMP),2012,96.4,97.6,98.8
Egypt,Irrigation potential,2002,4420.0,4420.0,4420.0
Egypt,Irrigation potential,2007,4420.0,4420.0,4420.0
Egypt,Irrigation potential,2012,4420.0,4420.0,4420.0
Turkey,Water resources: total external renewable,2002,-15.4,-15.4,-15.4
Turkey,Water resources: total external renewable,2007,-15.4,-15.4,-15.4
Turkey,Water resources: total external renewable,2012,-15.4,-15.4,-15.4
Turkey,Surface water: total flow of border rivers,2002,5.8,5.8,5.8
Turkey,Surface water: total flow of border rivers,2007,5.8,5.8,5.8
Turkey,Surface water: total flow of border rivers,2012,5.8,5.8,5.8
Turkey,Surface water: outflow to other countries secured through treaties,2002,18.9,18.9,18.9
Turkey,Surface water: outflow to other countries secured through treaties,2007,18.9,18.9,18.9
Turkey,Surface water: outflow to other countries secured through treaties,2012,18.9,18.9,18.9
Turkey,Surface water: inflow submitted to treaties,2002,0.0,0.0,0.0
Turkey,Surface water: inflow submitted to treaties,2007,0.0,0.0,0.0
Turkey,Surface water: inflow submitted to treaties,2012,0.0,0.0,0.0
Turkey,Surface water: inflow secured through treaties,2002,0.0,0.0,0.0
Turkey,Surface water: inflow secured through treaties,2007,0.0,0.0,0.0
Turkey,Surface water: inflow secured through treaties,2012,0.0,0.0,0.0
Turkey,Surface water: inflow not submitted to treaties,2002,1.8,1.8,1.8
Turkey,Surface water: inflow not submitted to treaties,2007,1.8,1.8,1.8
Turkey,Surface water: inflow not submitted to treaties,2012,1.8,1.8,1.8
Turkey,Surface water: entering the country (total),2002,1.8,1.8,1.8
Turkey,Surface water: entering the country (total),2007,1.8,1.8,1.8
Turkey,Surface water: entering the country (total),2012,1.8,1.8,1.8
Turkey,Surface water: accounted inflow,2002,4.7,4.7,4.7
Turkey,Surface water: accounted inflow,2007,4.7,4.7,4.7
Turkey,Surface water: accounted inflow,2012,4.7,4.7,4.7
Turkey,Surface water: accounted flow of border rivers,2002,2.9,2.9,2.9
Turkey,Surface water: accounted flow of border rivers,2007,2.9,2.9,2.9
Turkey,Surface water: accounted flow of border rivers,2012,2.9,2.9,2.9
Turkey,Surface water produced internally,2002,186.0,186.0,186.0
Turkey,Surface water produced internally,2007,186.0,186.0,186.0
Turkey,Surface water produced internally,2012,186.0,186.0,186.0
Turkey,Rural population,2002,21971.0,22229.0,22259.0
Turkey,Rural population,2007,22229.0,22259.0,21662.0
Turkey,Rural population,2012,22259.0,21662.0,21415.0
Turkey,Population density,2002,70.99,76.87,82.95
Turkey,Population density,2007,76.87,82.95,88.62
Turkey,Population density,2012,82.95,88.62,94.95
Turkey,Overlap: between surface water and groundwater,2002,28.0,28.0,28.0
Turkey,Overlap: between surface water and groundwater,2007,28.0,28.0,28.0
Turkey,Overlap: between surface water and groundwater,2012,28.0,28.0,28.0
Turkey,Overlap between surface water and groundwater,2002,28.0,28.0,28.0
Turkey,Overlap between surface water and groundwater,2007,28.0,28.0,28.0
Turkey,Overlap between surface water and groundwater,2012,28.0,28.0,28.0
Turkey,Long-term average annual precipitation in volume,2002,465.7,465.7,465.7
Turkey,Long-term average annual precipitation in volume,2007,465.7,465.7,465.7
Turkey,Long-term average annual precipitation in volume,2012,465.7,465.7,465.7
Turkey,Long-term average annual precipitation in depth,2002,593.0,593.0,593.0
Turkey,Long-term average annual precipitation in depth,2007,593.0,593.0,593.0
Turkey,Long-term average annual precipitation in depth,2012,593.0,593.0,593.0
Turkey,Groundwater: entering the country (total),2002,0.0,0.0,0.0
Turkey,Groundwater: entering the country (total),2007,0.0,0.0,0.0
Turkey,Groundwater: entering the country (total),2012,0.0,0.0,0.0
Turkey,Groundwater: accounted inflow,2002,-1.2,-1.2,-1.2
Turkey,Groundwater: accounted inflow,2007,-1.2,-1.2,-1.2
Turkey,Groundwater: accounted inflow,2012,-1.2,-1.2,-1.2
Turkey,Groundwater produced internally,2002,69.0,69.0,69.0
Turkey,Groundwater produced internally,2007,69.0,69.0,69.0
Turkey,Groundwater produced internally,2012,69.0,69.0,69.0
Turkey,Environmental Flow Requirements,2002,76.97,76.97,76.97
Turkey,Environmental Flow Requirements,2007,76.97,76.97,76.97
Turkey,Environmental Flow Requirements,2012,76.97,76.97,76.97
Turkey,Dependency ratio,2002,1.518,1.518,1.518
Turkey,Dependency ratio,2007,1.518,1.518,1.518
Turkey,Dependency ratio,2012,1.518,1.518,1.518
Turkey,Surface water: total external renewable,2002,-14.2,-14.2,-14.2
Turkey,Surface water: total external renewable,2007,-14.2,-14.2,-14.2
Turkey,Surface water: total external renewable,2012,-14.2,-14.2,-14.2
Turkey,Area,2002,Turkey,Turkey,Turkey
Turkey,Area,2007,Turkey,Turkey,Turkey
Turkey,Area,2012,Turkey,Turkey,Turkey
Turkey,Total renewable water resources,2002,211.6,211.6,211.6
Turkey,Total renewable water resources,2007,211.6,211.6,211.6
Turkey,Total renewable water resources,2012,211.6,211.6,211.6
Turkey,Total internal renewable water resources (IRWR),2002,227.0,227.0,227.0
Turkey,Total internal renewable water resources (IRWR),2007,227.0,227.0,227.0
Turkey,Total internal renewable water resources (IRWR),2012,227.0,227.0,227.0
Turkey,Total renewable water resources per capita,2002,3796.0,3505.0,3248.0
Turkey,Total renewable water resources per capita,2007,3505.0,3248.0,3040.0
Turkey,Total renewable water resources per capita,2012,3248.0,3040.0,2838.0
Turkey,Urban population,2002,33778.0,38143.0,42884.0
Turkey,Urban population,2007,38143.0,42884.0,47935.0
Turkey,Urban population,2012,42884.0,47935.0,53155.0
Turkey,Total population,2002,55749.0,60372.0,65143.0
Turkey,Total population,2007,60372.0,65143.0,69597.0
Turkey,Total population,2012,65143.0,69597.0,74570.0
Turkey,Total renewable surface water,2002,171.8,171.8,171.8
Turkey,Total renewable surface water,2007,171.8,171.8,171.8
Turkey,Total renewable surface water,2012,171.8,171.8,171.8
Turkey,Total internal renewable water resources per capita,2002,4072.0,3760.0,3485.0
Turkey,Total internal renewable water resources per capita,2007,3760.0,3485.0,3262.0
Turkey,Total internal renewable water resources per capita,2012,3485.0,3262.0,3044.0
Turkey,Total renewable groundwater,2002,67.8,67.8,67.8
Turkey,Total renewable groundwater,2007,67.8,67.8,67.8
Turkey,Total renewable groundwater,2012,67.8,67.8,67.8
Turkey,Gross Domestic Product (GDP),2002,158000000000.0,190000000000.0,233000000000.0
Turkey,Gross Domestic Product (GDP),2007,190000000000.0,233000000000.0,647000000000.0
Turkey,Gross Domestic Product (GDP),2012,233000000000.0,647000000000.0,789000000000.0
Turkey,% of total country area cultivated,2002,35.05,34.21,33.84
Turkey,% of total country area cultivated,2007,34.21,33.84,31.69
Turkey,% of total country area cultivated,2012,33.84,31.69,30.29
Turkey,GDP per capita,2002,2834.0,3147.0,3577.0
Turkey,GDP per capita,2007,3147.0,3577.0,9296.0
Turkey,GDP per capita,2012,3577.0,9296.0,10581.0
Turkey,Cultivated area (arable land + permanent crops),2002,27526.0,26864.0,26579.0
Turkey,Cultivated area (arable land + permanent crops),2007,26864.0,26579.0,24888.0
Turkey,Cultivated area (arable land + permanent crops),2012,26579.0,24888.0,23790.0
Turkey,Total area of the country (excl. coastal waters),2002,78535.0,78535.0,78535.0
Turkey,Total area of the country (excl. coastal waters),2007,78535.0,78535.0,78535.0
Turkey,Total area of the country (excl. coastal waters),2012,78535.0,78535.0,78535.0
Turkey,Arable land area,2002,24514.0,24297.0,23994.0
Turkey,Arable land area,2007,24297.0,23994.0,21979.0
Turkey,Arable land area,2012,23994.0,21979.0,20577.0
Turkey,Permanent crops area,2002,3012.0,2567.0,2585.0
Turkey,Permanent crops area,2007,2567.0,2585.0,2909.0
Turkey,Permanent crops area,2012,2585.0,2909.0,3213.0
Turkey,"Agriculture, value added (% GDP)",2002,15.56,14.97,11.71
Turkey,"Agriculture, value added (% GDP)",2007,14.97,11.71,8.527000000000001
Turkey,"Agriculture, value added (% GDP)",2012,11.71,8.527000000000001,8.843
Turkey,Surface water: outflow to other countries submitted to treaties,2002,15.75,15.75,15.75
Turkey,Surface water: outflow to other countries submitted to treaties,2007,15.75,15.75,15.75
Turkey,Surface water: outflow to other countries submitted to treaties,2012,15.75,15.75,15.75
Turkey,Surface water: leaving the country to other countries (total),2002,60.12,60.12,60.12
Turkey,Surface water: leaving the country to other countries (total),2007,60.12,60.12,60.12
Turkey,Surface water: leaving the country to other countries (total),2012,60.12,60.12,60.12
Turkey,Surface water: outflow to other countries not submitted to treaties,2002,41.22,41.22,41.22
Turkey,Surface water: outflow to other countries not submitted to treaties,2007,41.22,41.22,41.22
Turkey,Surface water: outflow to other countries not submitted to treaties,2012,41.22,41.22,41.22
Turkey,Groundwater: accounted outflow to other countries,2002,11.0,11.0,11.0
Turkey,Groundwater: accounted outflow to other countries,2007,11.0,11.0,11.0
Turkey,Groundwater: accounted outflow to other countries,2012,11.0,11.0,11.0
Turkey,Groundwater: leaving the country to other countries (total),2002,11.0,11.0,11.0
Turkey,Groundwater: leaving the country to other countries (total),2007,11.0,11.0,11.0
Turkey,Groundwater: leaving the country to other countries (total),2012,11.0,11.0,11.0
Turkey,Total exploitable water resources,2002,112.0,112.0,112.0
Turkey,Total exploitable water resources,2007,112.0,112.0,112.0
Turkey,Total exploitable water resources,2012,112.0,112.0,112.0
Turkey,Exploitable: regular renewable groundwater,2002,14.0,14.0,14.0
Turkey,Exploitable: regular renewable groundwater,2007,14.0,14.0,14.0
Turkey,Exploitable: regular renewable groundwater,2012,14.0,14.0,14.0
Turkey,Urban population with access to safe drinking-water (JMP),2002,94.5,95.9,97.4
Turkey,Urban population with access to safe drinking-water (JMP),2007,95.9,97.4,98.9
Turkey,Urban population with access to safe drinking-water (JMP),2012,97.4,98.9,100.0
Turkey,Rural population with access to safe drinking-water (JMP),2002,75.8,81.4,87.0
Turkey,Rural population with access to safe drinking-water (JMP),2007,81.4,87.0,92.5
Turkey,Rural population with access to safe drinking-water (JMP),2012,87.0,92.5,98.1
Turkey,Total population with access to safe drinking-water (JMP),2002,87.1,90.6,93.8
Turkey,Total population with access to safe drinking-water (JMP),2007,90.6,93.8,96.9
Turkey,Total population with access to safe drinking-water (JMP),2012,93.8,96.9,99.5
Turkey,Irrigation potential,2002,8500.0,8500.0,8500.0
Turkey,Irrigation potential,2007,8500.0,8500.0,8500.0
Turkey,Irrigation potential,2012,8500.0,8500.0,8500.0
Greece,Water resources: total external renewable,2002,10.4,10.4,10.4
Greece,Water resources: total external renewable,2007,10.4,10.4,10.4
Greece,Water resources: total external renewable,2012,10.4,10.4,10.4
Greece,Surface water: total flow of border rivers,2002,5.6,5.6,5.6
Greece,Surface water: total flow of border rivers,2007,5.6,5.6,5.6
Greece,Surface water: total flow of border rivers,2012,5.6,5.6,5.6
Greece,Surface water: outflow to other countries secured through treaties,2002,0.0,0.0,0.0
Greece,Surface water: outflow to other countries secured through treaties,2007,0.0,0.0,0.0
Greece,Surface water: outflow to other countries secured through treaties,2012,0.0,0.0,0.0
Greece,Surface water: inflow submitted to treaties,2002,0.0,0.0,0.0
Greece,Surface water: inflow submitted to treaties,2007,0.0,0.0,0.0
Greece,Surface water: inflow submitted to treaties,2012,0.0,0.0,0.0
Greece,Surface water: inflow secured through treaties,2002,0.0,0.0,0.0
Greece,Surface water: inflow secured through treaties,2007,0.0,0.0,0.0
Greece,Surface water: inflow secured through treaties,2012,0.0,0.0,0.0
Greece,Surface water: inflow not submitted to treaties,2002,7.6,7.6,7.6
Greece,Surface water: inflow not submitted to treaties,2007,7.6,7.6,7.6
Greece,Surface water: inflow not submitted to treaties,2012,7.6,7.6,7.6
Greece,Surface water: entering the country (total),2002,7.6,7.6,7.6
Greece,Surface water: entering the country (total),2007,7.6,7.6,7.6
Greece,Surface water: entering the country (total),2012,7.6,7.6,7.6
Greece,Surface water: accounted inflow,2002,10.4,10.4,10.4
Greece,Surface water: accounted inflow,2007,10.4,10.4,10.4
Greece,Surface water: accounted inflow,2012,10.4,10.4,10.4
Greece,Surface water: accounted flow of border rivers,2002,2.8,2.8,2.8
Greece,Surface water: accounted flow of border rivers,2007,2.8,2.8,2.8
Greece,Surface water: accounted flow of border rivers,2012,2.8,2.8,2.8
Greece,Surface water produced internally,2002,55.5,55.5,55.5
Greece,Surface water produced internally,2007,55.5,55.5,55.5
Greece,Surface water produced internally,2012,55.5,55.5,55.5
Greece,Rural population,2002,3024.0,3122.0,3134.0
Greece,Rural population,2007,3122.0,3134.0,3059.0
Greece,Rural population,2012,3134.0,3059.0,2812.0
Greece,Population density,2002,79.2,83.06,85.0
Greece,Population density,2007,83.06,85.0,86.25
Greece,Population density,2012,85.0,86.25,86.22
Greece,Overlap: between surface water and groundwater,2002,7.8,7.8,7.8
Greece,Overlap: between surface water and groundwater,2007,7.8,7.8,7.8
Greece,Overlap: between surface water and groundwater,2012,7.8,7.8,7.8
Greece,Overlap between surface water and groundwater,2002,7.8,7.8,7.8
Greece,Overlap between surface water and groundwater,2007,7.8,7.8,7.8
Greece,Overlap between surface water and groundwater,2012,7.8,7.8,7.8
Greece,Long-term average annual precipitation in volume,2002,86.04,86.04,86.04
Greece,Long-term average annual precipitation in volume,2007,86.04,86.04,86.04
Greece,Long-term average annual precipitation in volume,2012,86.04,86.04,86.04
Greece,Long-term average annual precipitation in depth,2002,652.0,652.0,652.0
Greece,Long-term average annual precipitation in depth,2007,652.0,652.0,652.0
Greece,Long-term average annual precipitation in depth,2012,652.0,652.0,652.0
Greece,Groundwater: entering the country (total),2002,0.0,0.0,0.0
Greece,Groundwater: entering the country (total),2007,0.0,0.0,0.0
Greece,Groundwater: entering the country (total),2012,0.0,0.0,0.0
Greece,Groundwater: accounted inflow,2002,0.0,0.0,0.0
Greece,Groundwater: accounted inflow,2007,0.0,0.0,0.0
Greece,Groundwater: accounted inflow,2012,0.0,0.0,0.0
Greece,Groundwater produced internally,2002,10.3,10.3,10.3
Greece,Groundwater produced internally,2007,10.3,10.3,10.3
Greece,Groundwater produced internally,2012,10.3,10.3,10.3
Greece,Environmental Flow Requirements,2002,18.97,18.97,18.97
Greece,Environmental Flow Requirements,2007,18.97,18.97,18.97
Greece,Environmental Flow Requirements,2012,18.97,18.97,18.97
Greece,Dependency ratio,2002,15.2,15.2,15.2
Greece,Dependency ratio,2007,15.2,15.2,15.2
Greece,Dependency ratio,2012,15.2,15.2,15.2
Greece,Surface water: total external renewable,2002,10.4,10.4,10.4
Greece,Surface water: total external renewable,2007,10.4,10.4,10.4
Greece,Surface water: total external renewable,2012,10.4,10.4,10.4
Greece,Area,2002,Greece,Greece,Greece
Greece,Area,2007,Greece,Greece,Greece
Greece,Area,2012,Greece,Greece,Greece
Greece,Total renewable water resources,2002,68.4,68.4,68.4
Greece,Total renewable water resources,2007,68.4,68.4,68.4
Greece,Total renewable water resources,2012,68.4,68.4,68.4
Greece,Total internal renewable water resources (IRWR),2002,58.0,58.0,58.0
Greece,Total internal renewable water resources (IRWR),2007,58.0,58.0,58.0
Greece,Total internal renewable water resources (IRWR),2012,58.0,58.0,58.0
Greece,Total renewable water resources per capita,2002,6545.0,6240.0,6098.0
Greece,Total renewable water resources per capita,2007,6240.0,6098.0,6010.0
Greece,Total renewable water resources per capita,2012,6098.0,6010.0,6012.0
Greece,Urban population,2002,7427.0,7839.0,8083.0
Greece,Urban population,2007,7839.0,8083.0,8322.0
Greece,Urban population,2012,8083.0,8322.0,8566.0
Greece,Total population,2002,10451.0,10961.0,11217.0
Greece,Total population,2007,10961.0,11217.0,11381.0
Greece,Total population,2012,11217.0,11381.0,11378.0
Greece,Total renewable surface water,2002,65.9,65.9,65.9
Greece,Total renewable surface water,2007,65.9,65.9,65.9
Greece,Total renewable surface water,2012,65.9,65.9,65.9
Greece,Total internal renewable water resources per capita,2002,5550.0,5291.0,5171.0
Greece,Total internal renewable water resources per capita,2007,5291.0,5171.0,5096.0
Greece,Total internal renewable water resources per capita,2012,5171.0,5096.0,5098.0
Greece,Total renewable groundwater,2002,10.3,10.3,10.3
Greece,Total renewable groundwater,2007,10.3,10.3,10.3
Greece,Total renewable groundwater,2012,10.3,10.3,10.3
Greece,Gross Domestic Product (GDP),2002,116000000000.0,143000000000.0,154000000000.0
Greece,Gross Domestic Product (GDP),2007,143000000000.0,154000000000.0,318000000000.0
Greece,Gross Domestic Product (GDP),2012,154000000000.0,318000000000.0,246000000000.0
Greece,% of total country area cultivated,2002,29.87,29.44,29.15
Greece,% of total country area cultivated,2007,29.44,29.15,28.05
Greece,% of total country area cultivated,2012,29.15,28.05,27.86
Greece,GDP per capita,2002,11099.0,13046.0,13729.0
Greece,GDP per capita,2007,13046.0,13729.0,27941.0
Greece,GDP per capita,2012,13729.0,27941.0,21621.0
Greece,Cultivated area (arable land + permanent crops),2002,3942.0,3885.0,3846.0
Greece,Cultivated area (arable land + permanent crops),2007,3885.0,3846.0,3701.0
Greece,Cultivated area (arable land + permanent crops),2012,3846.0,3701.0,3676.0
Greece,Total area of the country (excl. coastal waters),2002,13196.0,13196.0,13196.0
Greece,Total area of the country (excl. coastal waters),2007,13196.0,13196.0,13196.0
Greece,Total area of the country (excl. coastal waters),2012,13196.0,13196.0,13196.0
Greece,Arable land area,2002,2864.0,2789.0,2717.0
Greece,Arable land area,2007,2789.0,2717.0,2567.0
Greece,Arable land area,2012,2717.0,2567.0,2540.0
Greece,Permanent crops area,2002,1078.0,1096.0,1129.0
Greece,Permanent crops area,2007,1096.0,1129.0,1134.0
Greece,Permanent crops area,2012,1129.0,1134.0,1136.0
Greece,"Agriculture, value added (% GDP)",2002,8.328000000000001,6.922000000000001,5.591
Greece,"Agriculture, value added (% GDP)",2007,6.922000000000001,5.591,3.443
Greece,"Agriculture, value added (% GDP)",2012,5.591,3.443,3.6639999999999997
Greece,Surface water: outflow to other countries submitted to treaties,2002,0.0,0.0,0.0
Greece,Surface water: outflow to other countries submitted to treaties,2007,0.0,0.0,0.0
Greece,Surface water: outflow to other countries submitted to treaties,2012,0.0,0.0,0.0
Greece,Surface water: leaving the country to other countries (total),2002,1.8,1.8,1.8
Greece,Surface water: leaving the country to other countries (total),2007,1.8,1.8,1.8
Greece,Surface water: leaving the country to other countries (total),2012,1.8,1.8,1.8
Greece,Surface water: outflow to other countries not submitted to treaties,2002,1.8,1.8,1.8
Greece,Surface water: outflow to other countries not submitted to treaties,2007,1.8,1.8,1.8
Greece,Surface water: outflow to other countries not submitted to treaties,2012,1.8,1.8,1.8
Greece,Groundwater: accounted outflow to other countries,2002,0.0,0.0,0.0
Greece,Groundwater: accounted outflow to other countries,2007,0.0,0.0,0.0
Greece,Groundwater: accounted outflow to other countries,2012,0.0,0.0,0.0
Greece,Groundwater: leaving the country to other countries (total),2002,0.0,0.0,0.0
Greece,Groundwater: leaving the country to other countries (total),2007,0.0,0.0,0.0
Greece,Groundwater: leaving the country to other countries (total),2012,0.0,0.0,0.0
Greece,Total exploitable water resources,2002,29.0,29.0,29.0
Greece,Total exploitable water resources,2007,29.0,29.0,29.0
Greece,Total exploitable water resources,2012,29.0,29.0,29.0
Greece,Exploitable: regular renewable groundwater,2002,3.0,3.0,3.0
Greece,Exploitable: regular renewable groundwater,2007,3.0,3.0,3.0
Greece,Exploitable: regular renewable groundwater,2012,3.0,3.0,3.0
Greece,Urban population with access to safe drinking-water (JMP),2002,99.6,99.7,99.8
Greece,Urban population with access to safe drinking-water (JMP),2007,99.7,99.8,99.9
Greece,Urban population with access to safe drinking-water (JMP),2012,99.8,99.9,100.0
Greece,Rural population with access to safe drinking-water (JMP),2002,93.3,95.2,97.0
Greece,Rural population with access to safe drinking-water (JMP),2007,95.2,97.0,98.9
Greece,Rural population with access to safe drinking-water (JMP),2012,97.0,98.9,100.0
Greece,Total population with access to safe drinking-water (JMP),2002,97.8,98.5,99.1
Greece,Total population with access to safe drinking-water (JMP),2007,98.5,99.1,99.7
Greece,Total population with access to safe drinking-water (JMP),2012,99.1,99.7,100.0
Greece,Irrigation potential,2002,3632.5714285714284,3238.857142857143,2845.142857142857
Greece,Irrigation potential,2007,3238.857142857143,2845.142857142857,2451.4285714285716
Greece,Irrigation potential,2012,2845.142857142857,2451.4285714285716,2057.714285714286
Cyprus,Water resources: total external renewable,2002,0.0,0.0,0.0
Cyprus,Water resources: total external renewable,2007,0.0,0.0,0.0
Cyprus,Water resources: total external renewable,2012,0.0,0.0,0.0
Cyprus,Surface water: total flow of border rivers,2002,0.0,0.0,0.0
Cyprus,Surface water: total flow of border rivers,2007,0.0,0.0,0.0
Cyprus,Surface water: total flow of border rivers,2012,0.0,0.0,0.0
Cyprus,Surface water: outflow to other countries secured through treaties,2002,0.0,0.0,0.0
Cyprus,Surface water: outflow to other countries secured through treaties,2007,0.0,0.0,0.0
Cyprus,Surface water: outflow to other countries secured through treaties,2012,0.0,0.0,0.0
Cyprus,Surface water: inflow submitted to treaties,2002,0.0,0.0,0.0
Cyprus,Surface water: inflow submitted to treaties,2007,0.0,0.0,0.0
Cyprus,Surface water: inflow submitted to treaties,2012,0.0,0.0,0.0
Cyprus,Surface water: inflow secured through treaties,2002,0.0,0.0,0.0
Cyprus,Surface water: inflow secured through treaties,2007,0.0,0.0,0.0
Cyprus,Surface water: inflow secured through treaties,2012,0.0,0.0,0.0
Cyprus,Surface water: inflow not submitted to treaties,2002,0.0,0.0,0.0
Cyprus,Surface water: inflow not submitted to treaties,2007,0.0,0.0,0.0
Cyprus,Surface water: inflow not submitted to treaties,2012,0.0,0.0,0.0
Cyprus,Surface water: entering the country (total),2002,0.0,0.0,0.0
Cyprus,Surface water: entering the country (total),2007,0.0,0.0,0.0
Cyprus,Surface water: entering the country (total),2012,0.0,0.0,0.0
Cyprus,Surface water: accounted inflow,2002,0.0,0.0,0.0
Cyprus,Surface water: accounted inflow,2007,0.0,0.0,0.0
Cyprus,Surface water: accounted inflow,2012,0.0,0.0,0.0
Cyprus,Surface water: accounted flow of border rivers,2002,0.0,0.0,0.0
Cyprus,Surface water: accounted flow of border rivers,2007,0.0,0.0,0.0
Cyprus,Surface water: accounted flow of border rivers,2012,0.0,0.0,0.0
Cyprus,Surface water produced internally,2002,0.56,0.56,0.56
Cyprus,Surface water produced internally,2007,0.56,0.56,0.56
Cyprus,Surface water produced internally,2012,0.56,0.56,0.56
Cyprus,Rural population,2002,259.4,283.0,303.9
Cyprus,Rural population,2007,283.0,303.9,341.3
Cyprus,Rural population,2012,303.9,341.3,375.6
Cyprus,Population density,2002,86.55,96.35,105.6
Cyprus,Population density,2007,96.35,105.6,115.0
Cyprus,Population density,2012,105.6,115.0,122.7
Cyprus,Overlap: between surface water and groundwater,2002,0.19,0.19,0.19
Cyprus,Overlap: between surface water and groundwater,2007,0.19,0.19,0.19
Cyprus,Overlap: between surface water and groundwater,2012,0.19,0.19,0.19
Cyprus,Overlap between surface water and groundwater,2002,0.19,0.19,0.19
Cyprus,Overlap between surface water and groundwater,2007,0.19,0.19,0.19
Cyprus,Overlap between surface water and groundwater,2012,0.19,0.19,0.19
Cyprus,Long-term average annual precipitation in volume,2002,4.606,4.606,4.606
Cyprus,Long-term average annual precipitation in volume,2007,4.606,4.606,4.606
Cyprus,Long-term average annual precipitation in volume,2012,4.606,4.606,4.606
Cyprus,Long-term average annual precipitation in depth,2002,498.0,498.0,498.0
Cyprus,Long-term average annual precipitation in depth,2007,498.0,498.0,498.0
Cyprus,Long-term average annual precipitation in depth,2012,498.0,498.0,498.0
Cyprus,Groundwater: entering the country (total),2002,0.0,0.0,0.0
Cyprus,Groundwater: entering the country (total),2007,0.0,0.0,0.0
Cyprus,Groundwater: entering the country (total),2012,0.0,0.0,0.0
Cyprus,Groundwater: accounted inflow,2002,0.0,0.0,0.0
Cyprus,Groundwater: accounted inflow,2007,0.0,0.0,0.0
Cyprus,Groundwater: accounted inflow,2012,0.0,0.0,0.0
Cyprus,Groundwater produced internally,2002,0.41,0.41,0.41
Cyprus,Groundwater produced internally,2007,0.41,0.41,0.41
Cyprus,Groundwater produced internally,2012,0.41,0.41,0.41
Cyprus,Environmental Flow Requirements,2002,0.0484,0.0484,0.0484
Cyprus,Environmental Flow Requirements,2007,0.0484,0.0484,0.0484
Cyprus,Environmental Flow Requirements,2012,0.0484,0.0484,0.0484
Cyprus,Dependency ratio,2002,0.0,0.0,0.0
Cyprus,Dependency ratio,2007,0.0,0.0,0.0
Cyprus,Dependency ratio,2012,0.0,0.0,0.0
Cyprus,Surface water: total external renewable,2002,0.0,0.0,0.0
Cyprus,Surface water: total external renewable,2007,0.0,0.0,0.0
Cyprus,Surface water: total external renewable,2012,0.0,0.0,0.0
Cyprus,Area,2002,Cyprus,Cyprus,Cyprus
Cyprus,Area,2007,Cyprus,Cyprus,Cyprus
Cyprus,Area,2012,Cyprus,Cyprus,Cyprus
Cyprus,Total renewable water resources,2002,0.78,0.78,0.78
Cyprus,Total renewable water resources,2007,0.78,0.78,0.78
Cyprus,Total renewable water resources,2012,0.78,0.78,0.78
Cyprus,Total internal renewable water resources (IRWR),2002,0.78,0.78,0.78
Cyprus,Total internal renewable water resources (IRWR),2007,0.78,0.78,0.78
Cyprus,Total internal renewable water resources (IRWR),2012,0.78,0.78,0.78
Cyprus,Total renewable water resources per capita,2002,974.3,875.2,798.4
Cyprus,Total renewable water resources per capita,2007,875.2,798.4,733.1
Cyprus,Total renewable water resources per capita,2012,798.4,733.1,687.2
Cyprus,Urban population,2002,541.2,608.2,673.1
Cyprus,Urban population,2007,608.2,673.1,722.7
Cyprus,Urban population,2012,673.1,722.7,759.4
Cyprus,Total population,2002,800.6,891.2,977.0
Cyprus,Total population,2007,891.2,977.0,1064.0
Cyprus,Total population,2012,977.0,1064.0,1135.0
Cyprus,Total renewable surface water,2002,0.56,0.56,0.56
Cyprus,Total renewable surface water,2007,0.56,0.56,0.56
Cyprus,Total renewable surface water,2012,0.56,0.56,0.56
Cyprus,Total internal renewable water resources per capita,2002,974.3,875.2,798.4
Cyprus,Total internal renewable water resources per capita,2007,875.2,798.4,733.1
Cyprus,Total internal renewable water resources per capita,2012,798.4,733.1,687.2
Cyprus,Total renewable groundwater,2002,0.41,0.41,0.41
Cyprus,Total renewable groundwater,2007,0.41,0.41,0.41
Cyprus,Total renewable groundwater,2012,0.41,0.41,0.41
Cyprus,Gross Domestic Product (GDP),2002,6910000000.0,9500000000.0,11300000000.0
Cyprus,Gross Domestic Product (GDP),2007,9500000000.0,11300000000.0,23700000000.0
Cyprus,Gross Domestic Product (GDP),2012,11300000000.0,23700000000.0,24900000000.0
Cyprus,% of total country area cultivated,2002,16.82,15.25,15.03
Cyprus,% of total country area cultivated,2007,15.25,15.03,15.71
Cyprus,% of total country area cultivated,2012,15.03,15.71,12.36
Cyprus,GDP per capita,2002,8634.0,10665.0,11613.0
Cyprus,GDP per capita,2007,10665.0,11613.0,22290.0
Cyprus,GDP per capita,2012,11613.0,22290.0,21974.0
Cyprus,Cultivated area (arable land + permanent crops),2002,155.6,141.1,139.0
Cyprus,Cultivated area (arable land + permanent crops),2007,141.1,139.0,145.3
Cyprus,Cultivated area (arable land + permanent crops),2012,139.0,145.3,114.3
Cyprus,Total area of the country (excl. coastal waters),2002,925.0,925.0,925.0
Cyprus,Total area of the country (excl. coastal waters),2007,925.0,925.0,925.0
Cyprus,Total area of the country (excl. coastal waters),2012,925.0,925.0,925.0
Cyprus,Arable land area,2002,107.6,98.1,100.0
Cyprus,Arable land area,2007,98.1,100.0,109.8
Cyprus,Arable land area,2012,100.0,109.8,85.8
Cyprus,Permanent crops area,2002,48.0,43.0,39.0
Cyprus,Permanent crops area,2007,43.0,39.0,35.5
Cyprus,Permanent crops area,2012,39.0,35.5,28.5
Cyprus,"Agriculture, value added (% GDP)",2002,5.724,3.8710000000000004,3.572
Cyprus,"Agriculture, value added (% GDP)",2007,3.8710000000000004,3.572,2.088
Cyprus,"Agriculture, value added (% GDP)",2012,3.572,2.088,2.387
Cyprus,Surface water: outflow to other countries submitted to treaties,2002,0.0,0.0,0.0
Cyprus,Surface water: outflow to other countries submitted to treaties,2007,0.0,0.0,0.0
Cyprus,Surface water: outflow to other countries submitted to treaties,2012,0.0,0.0,0.0
Cyprus,Surface water: leaving the country to other countries (total),2002,0.0,0.0,0.0
Cyprus,Surface water: leaving the country to other countries (total),2007,0.0,0.0,0.0
Cyprus,Surface water: leaving the country to other countries (total),2012,0.0,0.0,0.0
Cyprus,Surface water: outflow to other countries not submitted to treaties,2002,0.0,0.0,0.0
Cyprus,Surface water: outflow to other countries not submitted to treaties,2007,0.0,0.0,0.0
Cyprus,Surface water: outflow to other countries not submitted to treaties,2012,0.0,0.0,0.0
Cyprus,Groundwater: accounted outflow to other countries,2002,0.0,0.0,0.0
Cyprus,Groundwater: accounted outflow to other countries,2007,0.0,0.0,0.0
Cyprus,Groundwater: accounted outflow to other countries,2012,0.0,0.0,0.0
Cyprus,Groundwater: leaving the country to other countries (total),2002,0.0,0.0,0.0
Cyprus,Groundwater: leaving the country to other countries (total),2007,0.0,0.0,0.0
Cyprus,Groundwater: leaving the country to other countries (total),2012,0.0,0.0,0.0
Cyprus,Total exploitable water resources,2002,0.54,0.54,0.54
Cyprus,Total exploitable water resources,2007,0.54,0.54,0.54
Cyprus,Total exploitable water resources,2012,0.54,0.54,0.54
Cyprus,Exploitable: regular renewable groundwater,2002,0.2,0.2,0.2
Cyprus,Exploitable: regular renewable groundwater,2007,0.2,0.2,0.2
Cyprus,Exploitable: regular renewable groundwater,2012,0.2,0.2,0.2
Cyprus,Urban population with access to safe drinking-water (JMP),2002,100.0,100.0,100.0
Cyprus,Urban population with access to safe drinking-water (JMP),2007,100.0,100.0,100.0
Cyprus,Urban population with access to safe drinking-water (JMP),2012,100.0,100.0,100.0
Cyprus,Rural population with access to safe drinking-water (JMP),2002,100.0,100.0,100.0
Cyprus,Rural population with access to safe drinking-water (JMP),2007,100.0,100.0,100.0
Cyprus,Rural population with access to safe drinking-water (JMP),2012,100.0,100.0,100.0
Cyprus,Total population with access to safe drinking-water (JMP),2002,100.0,100.0,100.0
Cyprus,Total population with access to safe drinking-water (JMP),2007,100.0,100.0,100.0
Cyprus,Total population with access to safe drinking-water (JMP),2012,100.0,100.0,100.0
Cyprus,Irrigation potential,2002,3742.222222222222,3877.777777777778,4013.333333333333
Cyprus,Irrigation potential,2007,3877.777777777778,4013.333333333333,4148.888888888889
Cyprus,Irrigation potential,2012,4013.333333333333,4148.888888888889,4284.444444444444
